player_id,player,age,g,mp,per,ts_pct,x3pa_rate,fta_rate,orb_pct,drb_pct,trb_pct,ast_pct,stl_pct,blk_pct,tov_pct,usg_pct,ows,dws,ws,ws_per48,obpm,dbpm,bpm,vorp,tm,season
thompam01,Amen Thompson,23,79,2953,18.9,0.594,0.111,0.374,8.9,14.0,11.5,20.4,2.0,1.5,13.5,20.0,6.5,3.8,10.3,0.167,1.6,1.0,2.6,3.4,HOUSTON ROCKETS,2026
duranke01,Kevin Durant,37,78,2840,21.1,0.641,0.327,0.339,1.6,14.8,8.3,20.7,1.1,2.3,13.5,27.1,7.5,3.2,10.7,0.18,4.4,0.1,4.5,4.7,HOUSTON ROCKETS,2026
banede01,Desmond Bane,27,82,2756,16.9,0.607,0.354,0.287,3.9,9.8,6.8,19.3,1.5,1.2,10.8,23.3,4.8,2.6,7.4,0.129,1.6,-0.2,1.4,2.3,ORLANDO MAGIC,2026
camarto01,Toumani Camara,25,82,2731,11.3,0.578,0.664,0.154,5.0,11.7,8.4,10.4,1.6,1.1,13.1,16.3,2.1,2.7,4.8,0.084,-1.0,0.0,-1.0,0.7,PORTLAND TRAIL BLAZERS,2026
smithja05,Jabari Smith Jr.,22,77,2705,13.5,0.57,0.501,0.215,4.5,17.0,10.8,7.3,1.0,2.4,9.0,18.2,3.4,3.3,6.6,0.118,-0.5,-0.2,-0.7,0.9,HOUSTON ROCKETS,2026
bridgmi01,Mikal Bridges,29,82,2692,15.3,0.587,0.436,0.102,3.3,9.7,6.5,15.9,2.0,2.4,7.6,17.3,4.7,3.3,8.0,0.143,1.3,1.4,2.7,3.2,NEW YORK KNICKS,2026
barnesc01,Scottie Barnes,24,80,2681,19.2,0.577,0.199,0.264,6.3,19.3,12.7,26.3,2.1,4.2,14.3,23.4,3.3,4.5,7.8,0.14,1.9,2.3,4.2,4.2,TORONTO RAPTORS,2026
maxeyty01,Tyrese Maxey,25,70,2661,21.9,0.588,0.399,0.278,1.0,11.0,5.9,28.9,2.4,1.9,9.2,29.4,5.9,2.8,8.7,0.156,5.0,0.5,5.4,4.9,PHILADELPHIA 76ERS,2026
murraja01,Jamal Murray,28,75,2652,21.8,0.622,0.414,0.287,1.4,12.0,7.0,31.1,1.2,1.0,10.0,27.9,7.8,1.7,9.5,0.173,5.5,-1.4,4.1,4.1,DENVER NUGGETS,2026
whitede01,Derrick White,31,77,2625,16.0,0.529,0.578,0.184,3.7,10.4,7.1,22.2,1.7,3.8,10.1,22.0,3.5,3.5,7.0,0.129,2.2,1.0,3.2,3.5,BOSTON CELTICS,2026
edgecvj01,VJ Edgecombe,20,75,2623,14.0,0.54,0.409,0.176,5.0,12.7,8.8,17.4,2.0,1.4,11.0,20.1,1.9,2.5,4.4,0.081,-0.4,-0.1,-0.5,1.0,PHILADELPHIA 76ERS,2026
randlju01,Julius Randle,31,79,2610,18.4,0.585,0.287,0.411,5.7,16.5,11.2,23.1,1.6,0.6,13.2,26.5,4.3,3.1,7.4,0.135,1.5,0.0,1.5,2.3,MINNESOTA TIMBERWOLVES,2026
ingrabr01,Brandon Ingram,28,77,2604,16.3,0.573,0.274,0.276,2.7,16.1,9.4,16.8,1.1,2.0,11.5,26.9,1.5,3.1,4.6,0.084,1.0,-0.5,0.5,1.7,TORONTO RAPTORS,2026
alexani01,Nickeil Alexander-Walker,27,78,2603,16.5,0.61,0.526,0.257,2.1,9.1,5.6,15.8,1.9,1.5,10.9,23.9,3.6,2.7,6.3,0.116,1.6,-0.4,1.2,2.1,ATLANTA HAWKS,2026
brunsja01,Jalen Brunson,29,74,2590,20.1,0.58,0.358,0.285,1.3,9.4,5.3,31.3,1.1,0.3,9.5,30.4,6.5,2.2,8.8,0.163,4.0,-0.9,3.1,3.3,NEW YORK KNICKS,2026
pritcpa01,Payton Pritchard,28,79,2556,17.1,0.584,0.515,0.125,3.0,10.2,6.7,23.5,1.1,0.4,8.7,21.4,6.1,2.4,8.5,0.16,2.6,-0.3,2.3,2.8,BOSTON CELTICS,2026
knuepko01,Kon Knueppel,20,81,2551,17.1,0.633,0.592,0.208,4.4,14.6,9.6,16.6,1.1,0.7,12.0,22.3,5.6,2.5,8.0,0.151,3.1,-0.4,2.8,3.1,CHARLOTTE HORNETS,2026
johnsja05,Jalen Johnson,24,72,2532,20.4,0.581,0.278,0.311,4.3,27.8,15.9,33.5,1.7,1.1,14.9,27.0,3.6,3.9,7.5,0.141,2.8,1.4,4.2,4.0,ATLANTA HAWKS,2026
daniedy01,Dyson Daniels,22,76,2520,15.5,0.542,0.151,0.157,7.8,14.7,11.2,23.9,2.8,1.1,14.0,16.0,3.1,3.6,6.6,0.126,-0.6,1.8,1.3,2.1,ATLANTA HAWKS,2026
banchpa01,Paolo Banchero,23,72,2502,17.6,0.566,0.239,0.512,3.8,23.4,13.5,23.4,1.0,1.4,13.6,27.6,2.0,3.0,5.0,0.095,1.4,0.0,1.4,2.1,ORLANDO MAGIC,2026
divindo01,Donte DiVincenzo,29,82,2494,12.5,0.567,0.771,0.126,3.0,11.6,7.4,16.8,2.0,1.2,11.8,16.9,2.3,2.9,5.2,0.1,0.0,0.7,0.8,1.7,MINNESOTA TIMBERWOLVES,2026
brownja02,Jaylen Brown,29,71,2443,22.0,0.573,0.262,0.347,3.7,18.1,11.1,25.9,1.5,1.1,12.7,36.2,3.5,3.4,6.9,0.135,3.5,-0.1,3.3,3.3,BOSTON CELTICS,2026
hardeja01,James Harden,36,70,2438,20.7,0.61,0.51,0.467,1.9,13.6,7.9,34.7,1.6,1.1,15.3,28.6,5.6,2.1,7.7,0.151,4.6,-0.8,3.9,3.6,TOT,2026
derozde01,DeMar DeRozan,36,77,2406,17.8,0.594,0.146,0.429,1.6,9.1,5.3,20.0,1.6,0.9,7.4,22.8,5.2,0.4,5.6,0.112,0.9,-1.0,-0.1,1.1,SACRAMENTO KINGS,2026
sengual01,Alperen Şengün,23,72,2398,21.4,0.569,0.117,0.335,10.1,19.4,14.8,28.9,1.8,3.0,15.0,26.6,4.4,3.6,8.0,0.161,2.7,1.5,4.2,3.7,HOUSTON ROCKETS,2026
bridgmi02,Miles Bridges,27,77,2387,16.0,0.57,0.427,0.243,3.6,17.4,10.6,15.9,1.0,1.3,8.5,22.3,4.0,2.5,6.5,0.13,1.2,-0.1,1.1,1.9,CHARLOTTE HORNETS,2026
goberru01,Rudy Gobert,33,76,2380,17.5,0.664,0.01,0.615,14.1,25.9,20.1,7.2,1.2,4.5,14.5,12.9,4.8,4.0,8.7,0.176,0.0,0.9,1.0,1.8,MINNESOTA TIMBERWOLVES,2026
rolliry01,Ryan Rollins,23,74,2376,16.2,0.583,0.44,0.152,2.6,13.4,8.0,27.1,2.3,1.3,15.5,24.2,1.7,1.8,3.4,0.069,0.7,-0.5,0.2,1.3,MILWAUKEE BUCKS,2026
adebaba01,Bam Adebayo,28,73,2365,18.7,0.551,0.349,0.369,6.5,25.7,16.1,14.1,1.7,1.8,8.3,25.0,2.8,3.6,6.4,0.129,1.5,0.4,2.0,2.4,MIAMI HEAT,2026
flaggco01,Cooper Flagg,19,70,2344,17.9,0.548,0.204,0.286,3.9,17.0,10.5,21.5,1.7,2.3,10.7,26.9,1.3,2.5,3.8,0.078,1.0,0.4,1.4,2.0,DALLAS MAVERICKS,2026
mitchdo01,Donovan Mitchell,29,70,2342,22.9,0.613,0.439,0.306,2.4,12.4,7.4,27.9,2.1,0.8,11.1,32.2,5.8,2.4,8.2,0.169,5.2,-0.2,5.1,4.2,CLEVELAND CAVALIERS,2026
murphtr02,Trey Murphy III,25,66,2341,18.3,0.613,0.538,0.234,2.9,14.6,8.7,16.2,2.0,1.0,9.4,22.7,4.5,1.6,6.0,0.123,3.0,-0.6,2.4,2.6,NEW ORLEANS PELICANS,2026
podzibr01,Brandin Podziemski,22,82,2333,15.0,0.583,0.476,0.278,3.4,16.9,10.0,19.2,1.8,0.6,11.9,20.1,2.8,2.3,5.1,0.105,0.3,-0.1,0.2,1.3,GOLDEN STATE WARRIORS,2026
townska01,Karl-Anthony Towns,30,75,2322,22.0,0.619,0.297,0.403,11.2,31.7,21.4,14.7,1.4,1.8,13.3,25.9,5.5,4.0,9.5,0.197,2.7,0.6,3.3,3.1,NEW YORK KNICKS,2026
mcdanja02,Jaden McDaniels,25,73,2316,14.0,0.611,0.309,0.218,3.7,10.9,7.4,12.2,1.7,2.7,12.9,18.5,2.5,2.7,5.2,0.109,-0.9,0.6,-0.3,1.0,MINNESOTA TIMBERWOLVES,2026
okongon01,Onyeka Okongwu,25,74,2297,15.9,0.592,0.445,0.235,6.5,20.3,13.3,13.9,1.7,3.1,11.8,19.5,2.6,3.3,6.0,0.125,-0.1,0.8,0.7,1.6,ATLANTA HAWKS,2026
doncilu01,Luka Dončić,26,64,2289,27.9,0.616,0.476,0.443,2.2,22.5,12.7,40.5,2.2,1.4,12.8,38.1,6.6,2.9,9.5,0.199,8.0,1.3,9.3,6.6,LOS ANGELES LAKERS,2026
cartewe01,Wendell Carter Jr.,26,78,2288,14.1,0.617,0.355,0.392,7.8,20.5,14.1,9.5,1.3,1.9,11.8,15.6,3.4,2.8,6.2,0.131,-1.0,0.5,-0.6,0.8,ORLANDO MAGIC,2026
gilleco01,Collin Gillespie,26,80,2282,15.3,0.575,0.686,0.103,4.2,12.0,8.0,23.3,2.1,0.7,12.4,18.7,3.6,2.5,6.2,0.13,1.9,0.6,2.5,2.6,PHOENIX SUNS,2026
carrica01,Bub Carrington,20,82,2271,9.9,0.556,0.559,0.15,1.5,11.7,6.5,23.0,1.1,0.7,19.5,18.0,-0.3,-0.1,-0.4,-0.009,-2.2,-2.5,-4.7,-1.6,WASHINGTON WIZARDS,2026
greenaj01,A.J. Green,26,78,2270,9.4,0.627,0.896,0.1,1.5,9.1,5.3,9.2,0.8,0.4,10.4,14.0,2.0,0.4,2.4,0.05,-1.5,-1.8,-3.3,-0.8,MILWAUKEE BUCKS,2026
champju02,Julian Champagnie,24,82,2266,13.1,0.609,0.743,0.196,3.6,18.4,11.2,7.3,1.3,1.5,8.4,15.2,2.8,3.4,6.2,0.132,0.5,0.8,1.4,1.9,SAN ANTONIO SPURS,2026
jokicni01,Nikola Jokić,30,65,2265,32.3,0.67,0.261,0.424,10.0,30.4,20.7,50.3,2.0,2.2,15.3,30.4,11.5,3.4,14.9,0.316,10.1,4.1,14.2,9.2,DENVER NUGGETS,2026
mccolcj01,CJ McCollum,34,76,2264,15.9,0.566,0.442,0.205,2.9,9.2,6.0,19.7,1.3,1.4,9.7,25.7,1.9,1.0,3.0,0.063,1.4,-1.7,-0.3,1.0,TOT,2026
gilgesh01,Shai Gilgeous-Alexander,27,68,2259,30.8,0.665,0.226,0.465,1.9,11.7,7.0,35.0,2.0,2.3,8.7,33.4,11.1,4.1,15.2,0.323,8.7,3.0,11.7,7.8,OKLAHOMA CITY THUNDER,2026
buzelma01,Matas Buzelis,21,77,2248,14.8,0.586,0.514,0.247,3.7,17.3,10.6,10.3,1.1,4.5,13.0,22.8,0.4,2.1,2.6,0.055,-0.6,-0.4,-1.0,0.5,CHICAGO BULLS,2026
beysa01,Saddiq Bey,26,72,2246,17.1,0.579,0.426,0.305,5.7,13.5,9.6,11.9,1.4,0.3,5.8,21.6,4.5,1.0,5.4,0.116,2.3,-1.8,0.5,1.4,NEW ORLEANS PELICANS,2026
chrisma02,Max Christie,22,77,2244,11.0,0.601,0.615,0.192,0.7,10.9,5.9,9.3,1.0,1.0,10.9,16.5,1.3,1.4,2.7,0.058,-1.0,-0.6,-1.5,0.3,DALLAS MAVERICKS,2026
foxde01,De'Aaron Fox,28,72,2231,17.6,0.578,0.377,0.235,2.1,10.7,6.5,29.6,1.9,0.8,12.4,24.9,3.4,3.0,6.4,0.138,1.5,0.6,2.2,2.4,SAN ANTONIO SPURS,2026
quickim01,Immanuel Quickley,26,70,2231,16.6,0.577,0.526,0.229,1.9,12.5,7.2,26.4,2.0,0.2,9.3,21.1,3.9,2.6,6.5,0.14,1.9,0.6,2.4,2.5,TORONTO RAPTORS,2026
dunnkr01,Kris Dunn,31,82,2230,11.3,0.581,0.449,0.17,3.1,10.8,7.1,17.9,2.9,0.6,17.8,12.4,1.7,2.3,4.0,0.085,-2.3,1.5,-0.8,0.6,LOS ANGELES CLIPPERS,2026
anunoog01,OG Anunoby,28,67,2224,15.8,0.62,0.506,0.275,4.3,13.4,8.8,9.2,2.3,2.2,12.0,19.7,3.1,3.2,6.3,0.135,0.9,1.1,2.0,2.3,NEW YORK KNICKS,2026
onealro01,Royce O'Neale,32,78,2213,11.6,0.596,0.832,0.061,2.9,16.3,9.3,12.8,1.9,1.4,13.8,14.3,1.9,2.7,4.6,0.1,-0.3,1.0,0.7,1.5,PHOENIX SUNS,2026
grimequ01,Quentin Grimes,25,75,2206,12.9,0.585,0.503,0.314,2.2,11.4,6.7,15.7,1.4,1.2,13.4,19.0,1.9,1.7,3.6,0.078,-0.9,-0.6,-1.6,0.2,PHILADELPHIA 76ERS,2026
avdijde01,Deni Avdija,25,66,2199,20.3,0.6,0.369,0.573,3.6,19.0,11.2,32.2,1.1,1.7,16.0,29.3,4.5,2.4,7.0,0.152,3.7,0.6,4.3,3.5,PORTLAND TRAIL BLAZERS,2026
marshna01,Naji Marshall,28,74,2184,15.4,0.592,0.259,0.365,3.2,13.6,8.4,16.4,1.8,0.2,11.1,20.5,2.5,1.8,4.3,0.095,-0.7,0.1,-0.6,0.8,DALLAS MAVERICKS,2026
cunnica01,Cade Cunningham,24,64,2172,21.6,0.564,0.308,0.321,2.9,15.2,9.2,45.2,2.0,2.5,14.8,30.5,4.2,3.6,7.9,0.174,4.8,1.5,6.3,4.6,DETROIT PISTONS,2026
sheppre01,Reed Sheppard,21,82,2147,15.7,0.564,0.609,0.091,1.5,10.7,6.1,18.6,2.8,2.3,11.1,21.7,2.7,3.1,5.9,0.131,1.2,1.5,2.7,2.5,HOUSTON ROCKETS,2026
bookede01,Devin Booker,29,64,2146,20.4,0.585,0.309,0.434,2.4,10.7,6.4,30.2,1.2,0.8,12.3,32.2,4.7,1.8,6.5,0.145,3.2,-1.0,2.2,2.3,PHOENIX SUNS,2026
edwaran01,Anthony Edwards,24,61,2137,21.8,0.617,0.418,0.355,1.9,13.4,7.8,17.6,1.9,2.0,10.9,31.5,3.9,2.7,6.5,0.147,4.7,-0.1,4.5,3.5,MINNESOTA TIMBERWOLVES,2026
hardati02,Tim Hardaway Jr.,33,80,2127,13.5,0.624,0.706,0.252,0.9,9.5,5.4,6.9,1.0,0.4,4.7,18.5,3.5,1.0,4.4,0.1,1.3,-1.9,-0.7,0.7,DENVER NUGGETS,2026
jaqueja01,Jaime Jaquez Jr.,24,75,2121,15.7,0.57,0.2,0.236,4.7,13.7,9.2,24.0,1.1,0.9,13.1,22.3,2.2,2.0,4.2,0.094,0.3,-0.1,0.1,1.1,MIAMI HEAT,2026
robindu01,Duncan Robinson,31,77,2113,12.4,0.629,0.768,0.158,1.6,9.2,5.4,10.1,1.0,1.0,6.7,15.8,3.8,2.3,6.1,0.139,0.9,-0.1,0.8,1.5,DETROIT PISTONS,2026
fearsje01,Jeremiah Fears,19,82,2112,13.8,0.525,0.304,0.245,3.0,12.4,7.7,19.9,2.2,1.3,13.8,25.5,-0.8,1.4,0.6,0.015,-1.4,-1.3,-2.7,-0.4,NEW ORLEANS PELICANS,2026
clingdo01,Donovan Clingan,21,77,2094,20.9,0.604,0.36,0.297,17.7,28.6,23.1,11.4,1.0,5.5,10.9,16.9,5.1,3.5,8.6,0.197,2.4,0.6,3.0,2.6,PORTLAND TRAIL BLAZERS,2026
leonaka01,Kawhi Leonard,34,65,2085,27.9,0.629,0.354,0.331,4.1,18.6,11.5,21.0,2.9,1.2,8.4,33.5,6.5,2.7,9.2,0.212,7.4,0.6,8.0,5.3,LOS ANGELES CLIPPERS,2026
mobleev01,Evan Mobley,24,65,2074,20.0,0.596,0.243,0.346,8.3,22.7,15.5,16.8,1.1,5.2,11.0,22.6,3.6,2.9,6.5,0.15,1.8,1.2,3.0,2.6,CLEVELAND CAVALIERS,2026
wiggian01,Andrew Wiggins,30,68,2063,15.1,0.586,0.406,0.197,5.7,10.8,8.3,12.3,1.7,3.0,10.3,19.7,2.2,2.3,4.6,0.106,0.7,0.5,1.2,1.7,MIAMI HEAT,2026
laravja01,Jake LaRavia,24,82,2061,11.9,0.571,0.465,0.291,6.8,11.5,9.3,9.3,2.5,1.7,12.9,14.4,1.7,2.1,3.8,0.089,-1.6,0.5,-1.2,0.4,LOS ANGELES LAKERS,2026
siakapa01,Pascal Siakam,31,62,2057,18.6,0.562,0.254,0.327,4.6,17.4,10.9,19.9,1.6,1.0,9.5,30.1,1.1,1.5,2.6,0.062,1.8,-1.0,0.7,1.4,INDIANA PACERS,2026
wallaca01,Cason Wallace,22,77,2046,12.1,0.538,0.493,0.116,3.5,8.9,6.3,12.7,3.5,1.3,10.6,14.5,1.0,4.2,5.2,0.122,-2.1,3.3,1.2,1.7,OKLAHOMA CITY THUNDER,2026
vassede01,Devin Vassell,25,67,2044,13.0,0.574,0.572,0.172,2.1,11.8,7.1,11.0,1.3,1.1,6.9,18.0,2.3,2.6,4.9,0.115,0.1,0.3,0.5,1.3,SAN ANTONIO SPURS,2026
castlst01,Stephon Castle,21,68,2038,17.4,0.575,0.299,0.47,5.3,13.5,9.5,34.5,1.8,0.8,18.0,24.9,2.8,2.9,5.8,0.136,1.0,0.9,1.9,2.0,SAN ANTONIO SPURS,2026
queende01,Derik Queen,21,81,2023,15.9,0.546,0.118,0.365,7.2,23.5,15.2,21.1,2.0,3.5,18.0,21.8,0.4,2.3,2.7,0.063,-1.5,0.7,-0.8,0.6,NEW ORLEANS PELICANS,2026
ballla01,LaMelo Ball,24,72,2017,19.7,0.546,0.595,0.144,3.7,15.5,9.7,42.6,2.1,0.8,13.2,32.0,3.6,2.6,6.2,0.147,4.8,-0.1,4.7,3.4,CHARLOTTE HORNETS,2026
reidna01,Naz Reid,26,77,2007,15.4,0.565,0.514,0.141,5.0,20.8,13.1,12.4,1.8,3.4,12.0,22.1,0.9,3.2,4.0,0.097,-0.1,1.0,0.9,1.5,MINNESOTA TIMBERWOLVES,2026
mitchda01,Davion Mitchell,27,70,2000,12.1,0.582,0.428,0.122,1.6,8.0,4.8,29.1,1.6,0.5,16.1,13.6,2.6,1.7,4.3,0.104,-1.3,0.4,-0.9,0.6,MIAMI HEAT,2026
brownbr01,Bruce Brown,29,82,1998,10.8,0.562,0.284,0.241,5.0,12.5,8.9,11.3,2.1,0.9,13.6,14.5,1.2,1.8,2.9,0.071,-2.5,0.1,-2.4,-0.2,DENVER NUGGETS,2026
holmgch01,Chet Holmgren,23,69,1997,21.6,0.653,0.312,0.365,7.4,25.3,16.7,8.6,1.0,6.4,10.6,21.9,4.4,4.7,9.1,0.219,2.4,1.9,4.2,3.1,OKLAHOMA CITY THUNDER,2026
hartjo01,Josh Hart,30,66,1994,15.7,0.612,0.409,0.211,5.2,22.1,13.6,21.6,1.9,0.9,16.5,16.7,3.1,3.0,6.1,0.147,1.0,2.0,3.0,2.5,NEW YORK KNICKS,2026
jamesle01,LeBron James,41,60,1989,20.8,0.594,0.264,0.344,2.6,18.3,10.7,34.1,1.8,1.6,14.5,27.2,3.4,2.1,5.4,0.131,3.3,0.2,3.5,2.8,LOS ANGELES LAKERS,2026
baileac01,Ace Bailey,19,72,1988,11.6,0.533,0.446,0.099,5.5,11.0,8.2,9.7,1.4,2.4,10.3,21.4,-0.4,0.3,-0.1,-0.001,-1.9,-2.5,-4.4,-1.2,UTAH JAZZ,2026
barneha02,Harrison Barnes,33,77,1986,11.8,0.608,0.623,0.214,3.5,7.9,5.8,9.7,1.2,0.5,8.8,14.6,2.7,2.1,4.8,0.117,-0.2,0.1,-0.1,1.0,SAN ANTONIO SPURS,2026
durenja01,Jalen Duren,22,70,1976,26.1,0.688,0.0,0.535,15.3,26.4,20.9,11.0,1.4,3.0,11.6,23.6,7.2,3.8,11.0,0.266,4.4,0.5,5.0,3.5,DETROIT PISTONS,2026
millebr02,Brandon Miller,23,65,1968,16.8,0.574,0.511,0.214,4.1,14.0,9.2,17.8,1.7,2.1,12.5,28.1,2.1,2.4,4.5,0.109,1.7,-0.1,1.6,1.8,CHARLOTTE HORNETS,2026
raynama01,Maxime Raynaud,22,74,1964,16.0,0.619,0.11,0.25,7.9,24.3,15.8,7.6,0.9,1.8,11.2,18.2,2.6,1.0,3.6,0.088,-0.9,-1.6,-2.4,-0.2,SACRAMENTO KINGS,2026
aytonde01,Deandre Ayton,27,72,1958,18.2,0.676,0.0,0.235,11.5,22.6,17.2,4.5,1.0,3.3,11.1,16.7,4.0,2.2,6.2,0.152,0.0,-0.9,-0.9,0.6,LOS ANGELES LAKERS,2026
walkeja02,Jarace Walker,22,76,1953,11.5,0.543,0.486,0.25,2.7,19.5,10.9,14.3,1.5,1.1,14.6,20.7,-1.0,1.5,0.5,0.013,-1.8,-0.7,-2.4,-0.2,INDIANA PACERS,2026
hausesa01,Sam Hauser,28,78,1934,11.9,0.59,0.839,0.033,3.3,13.6,8.5,7.9,1.0,1.2,5.4,14.5,2.9,2.1,5.0,0.124,0.6,0.0,0.6,1.3,BOSTON CELTICS,2026
hachiru01,Rui Hachimura,27,68,1927,11.6,0.62,0.439,0.121,2.6,10.9,6.9,4.1,1.0,1.0,6.3,15.2,2.1,1.1,3.2,0.08,-0.8,-1.5,-2.2,-0.1,LOS ANGELES LAKERS,2026
quetane01,Neemias Queta,26,76,1926,20.3,0.674,0.016,0.351,13.4,22.7,18.1,9.3,1.6,5.2,11.5,14.7,5.4,3.6,9.0,0.224,0.9,2.0,2.8,2.4,BOSTON CELTICS,2026
claxtni01,Nic Claxton,26,69,1920,17.6,0.592,0.033,0.393,9.6,19.9,14.5,21.8,1.2,3.7,12.3,17.7,3.3,1.5,4.8,0.121,0.3,0.6,0.9,1.4,BROOKLYN NETS,2026
turnemy01,Myles Turner,29,71,1912,14.2,0.584,0.594,0.274,4.5,17.8,11.2,7.7,1.3,6.0,10.3,18.6,1.2,1.8,3.0,0.076,-0.9,0.0,-0.9,0.5,MILWAUKEE BUCKS,2026
johnske04,Keldon Johnson,26,82,1911,17.3,0.613,0.343,0.243,7.9,16.6,12.4,8.5,1.2,0.5,7.4,21.0,3.9,2.6,6.4,0.161,1.2,-0.3,0.9,1.4,SAN ANTONIO SPURS,2026
blackan01,Anthony Black,22,64,1910,13.7,0.549,0.389,0.299,2.7,11.6,7.1,18.5,2.3,2.1,13.1,22.2,0.3,2.4,2.6,0.067,-1.2,0.7,-0.6,0.7,ORLANDO MAGIC,2026
dasiltr01,Tristan Da Silva,24,77,1899,12.0,0.576,0.518,0.153,3.4,13.4,8.3,9.3,1.7,1.2,9.4,16.2,1.3,2.1,3.3,0.084,-0.7,0.1,-0.6,0.7,ORLANDO MAGIC,2026
diabamo01,Moussa Diabaté,24,73,1899,17.2,0.653,0.006,0.485,16.5,21.1,18.9,10.2,1.5,3.5,14.2,11.4,4.7,2.8,7.4,0.188,0.4,1.2,1.7,1.8,CHARLOTTE HORNETS,2026
thompau01,Ausar Thompson,23,73,1896,16.2,0.545,0.042,0.331,9.0,15.6,12.4,16.3,3.7,3.6,14.3,16.9,1.5,4.1,5.7,0.144,-0.6,3.6,3.1,2.4,DETROIT PISTONS,2026
cliffni01,Nique Clifford,23,75,1882,9.0,0.505,0.388,0.163,3.8,13.3,8.4,13.0,1.7,1.2,15.4,17.0,-1.2,0.6,-0.6,-0.014,-3.7,-1.2,-4.9,-1.4,SACRAMENTO KINGS,2026
dosunay01,Ayo Dosunmu,26,69,1881,16.5,0.63,0.375,0.194,2.7,10.7,6.8,19.6,1.5,0.8,10.6,20.2,3.5,1.3,4.9,0.124,1.3,-0.3,1.0,1.4,TOT,2026
collijo01,John Collins,28,69,1872,16.3,0.643,0.332,0.234,7.0,15.6,11.4,5.8,1.6,2.6,11.6,19.5,2.7,1.8,4.6,0.117,0.0,-0.5,-0.5,0.7,LOS ANGELES CLIPPERS,2026
greendr01,Draymond Green,35,68,1869,10.4,0.54,0.631,0.171,3.2,19.5,11.2,27.3,1.6,2.1,25.5,16.1,-0.4,2.1,1.7,0.044,-2.4,1.0,-1.4,0.3,GOLDEN STATE WARRIORS,2026
wembavi01,Victor Wembanyama,22,64,1866,29.9,0.626,0.324,0.417,7.7,33.9,21.2,17.6,1.7,9.4,10.8,32.4,5.0,5.0,10.0,0.257,6.5,4.2,10.7,6.0,SAN ANTONIO SPURS,2026
westbru01,Russell Westbrook,37,64,1853,15.1,0.528,0.452,0.218,4.7,16.6,10.5,34.3,2.2,0.6,18.5,25.9,-0.6,0.9,0.4,0.009,0.6,-1.0,-0.4,0.7,SACRAMENTO KINGS,2026
sheadja01,Jamal Shead,23,82,1852,10.5,0.491,0.52,0.23,1.6,7.2,4.4,30.6,2.0,0.8,16.8,15.5,0.8,2.0,2.7,0.07,-2.3,0.0,-2.3,-0.1,TORONTO RAPTORS,2026
larsspe01,Pelle Larsson,24,70,1849,13.1,0.605,0.343,0.413,3.8,9.9,6.8,16.8,1.2,0.8,13.3,16.8,2.6,1.5,4.1,0.106,-1.2,0.0,-1.2,0.4,MIAMI HEAT,2026
dortlu01,Luguentz Dort,26,69,1849,8.3,0.524,0.71,0.111,3.4,10.7,7.2,5.9,1.6,1.4,8.9,14.1,0.0,3.0,3.0,0.078,-2.8,0.8,-2.0,0.0,OKLAHOMA CITY THUNDER,2026
jamessi01,Sion James,23,82,1843,8.3,0.531,0.634,0.263,3.1,14.3,8.8,11.4,1.4,1.0,13.5,11.0,1.1,1.9,3.1,0.08,-3.0,1.1,-2.0,0.0,CHARLOTTE HORNETS,2026
willizi01,Zion Williamson,25,62,1841,22.6,0.644,0.005,0.576,7.2,13.5,10.3,17.7,1.6,1.7,11.1,25.7,5.0,1.0,6.1,0.159,3.5,-0.6,2.9,2.3,NEW ORLEANS PELICANS,2026
wellsja01,Jaylen Wells,22,69,1821,11.5,0.559,0.523,0.245,3.6,9.6,6.5,8.8,1.6,0.5,8.7,19.3,0.9,0.7,1.6,0.042,-1.8,-1.4,-3.1,-0.5,MEMPHIS GRIZZLIES,2026
vucevni01,Nikola Vučević,35,64,1818,17.7,0.574,0.339,0.116,7.5,23.9,15.8,17.7,1.0,2.0,9.2,21.4,2.5,1.9,4.4,0.116,1.4,0.1,1.5,1.6,TOT,2026
ighodos01,Oso Ighodaro,23,82,1808,13.8,0.636,0.003,0.32,8.2,17.8,12.8,14.2,2.0,3.0,19.5,12.2,2.1,2.6,4.7,0.125,-2.2,2.3,0.1,0.9,PHOENIX SUNS,2026
kuzmaky01,Kyle Kuzma,30,69,1806,14.1,0.581,0.347,0.27,3.6,15.9,9.8,15.5,1.3,1.5,13.4,21.8,0.9,1.0,1.9,0.051,-1.0,-1.3,-2.3,-0.1,MILWAUKEE BUCKS,2026
filipky01,Kyle Filipowski,22,77,1801,16.0,0.586,0.347,0.323,8.4,25.1,16.6,15.7,1.9,2.1,14.3,20.0,1.8,1.3,3.1,0.082,-0.6,-0.5,-1.1,0.4,UTAH JAZZ,2026
nembhan01,Andrew Nembhard,26,57,1786,15.7,0.564,0.393,0.311,1.5,8.4,4.9,37.0,1.4,0.4,13.8,23.6,2.2,0.7,2.8,0.077,1.1,-1.9,-0.8,0.6,INDIANA PACERS,2026
georgke01,Keyonte George,22,54,1786,18.5,0.609,0.41,0.429,1.4,10.9,6.0,28.4,1.5,0.8,13.7,27.9,3.1,0.1,3.3,0.088,3.0,-2.1,0.9,1.3,UTAH JAZZ,2026
clownno01,Noah Clowney,21,66,1780,11.2,0.554,0.621,0.355,3.2,15.3,8.9,9.5,1.4,2.3,12.3,20.4,-0.1,1.2,1.1,0.029,-2.3,-1.1,-3.4,-0.6,BROOKLYN NETS,2026
tysonja01,Jaylon Tyson,23,66,1777,14.8,0.608,0.445,0.16,7.3,13.6,10.5,11.6,1.5,1.5,12.1,19.3,2.3,1.7,4.0,0.108,0.6,-0.5,0.1,0.9,CLEVELAND CAVALIERS,2026
smartma01,Marcus Smart,31,62,1769,9.9,0.543,0.616,0.271,2.5,8.7,5.7,13.6,2.4,1.2,14.7,15.4,0.4,1.6,2.0,0.054,-2.9,0.6,-2.2,-0.1,LOS ANGELES LAKERS,2026
sensabr01,Brice Sensabaugh,22,75,1762,14.4,0.59,0.516,0.235,3.4,11.0,7.1,12.4,1.4,0.7,11.6,24.9,1.0,0.1,1.1,0.029,0.4,-3.0,-2.6,-0.3,UTAH JAZZ,2026
reaveau01,Austin Reaves,27,51,1762,20.2,0.641,0.43,0.487,2.3,13.3,8.0,24.0,1.6,1.1,14.0,26.7,4.2,1.4,5.6,0.153,3.4,-0.6,2.8,2.1,LOS ANGELES LAKERS,2026
jonestr01,Tre Jones,26,65,1752,18.7,0.637,0.211,0.368,2.3,9.9,6.2,29.2,2.0,0.5,11.4,19.2,4.6,1.1,5.7,0.157,1.2,0.1,1.3,1.5,CHICAGO BULLS,2026
mamuksa01,Sandro Mamukelashvili,26,80,1751,18.1,0.637,0.469,0.25,6.9,18.8,12.8,12.4,1.8,2.3,8.7,18.8,3.6,2.5,6.2,0.169,2.1,0.7,2.8,2.1,TORONTO RAPTORS,2026
harrito02,Tobias Harris,33,63,1746,15.0,0.574,0.338,0.238,3.6,16.9,10.4,12.5,1.6,1.5,8.0,18.8,2.6,2.7,5.3,0.145,0.6,0.8,1.4,1.5,DETROIT PISTONS,2026
achiupr01,Precious Achiuwa,26,73,1745,16.2,0.558,0.162,0.232,11.0,20.8,15.8,8.5,1.8,2.6,9.0,17.6,1.8,1.2,2.9,0.081,-0.5,-1.1,-1.6,0.2,SACRAMENTO KINGS,2026
washipj01,P.J. Washington,27,56,1736,13.1,0.537,0.356,0.277,5.2,18.7,12.0,8.1,1.5,2.9,11.3,20.1,-0.3,2.0,1.7,0.046,-1.7,0.1,-1.6,0.2,DALLAS MAVERICKS,2026
giddejo01,Josh Giddey,23,54,1731,18.0,0.562,0.395,0.318,4.2,23.1,13.7,41.1,1.5,1.4,19.3,24.4,1.6,1.7,3.2,0.09,2.3,0.4,2.7,2.0,CHICAGO BULLS,2026
barrerj01,RJ Barrett,25,57,1726,17.0,0.585,0.347,0.342,3.6,16.3,9.9,16.8,1.2,1.1,9.5,25.8,2.0,2.0,4.0,0.111,1.0,-0.7,0.2,1.0,TORONTO RAPTORS,2026
huffja01,Jay Huff,27,82,1719,15.2,0.598,0.61,0.162,4.5,16.2,10.3,10.4,1.1,7.6,10.4,18.0,1.3,1.9,3.2,0.089,-0.9,1.3,0.4,1.1,INDIANA PACERS,2026
powelno01,Norman Powell,32,58,1717,17.5,0.609,0.458,0.355,1.3,11.0,6.1,12.5,1.7,0.7,9.7,27.2,2.3,1.7,4.0,0.112,1.8,-0.3,1.6,1.5,MIAMI HEAT,2026
spencca01,Cam Spencer,25,72,1714,17.2,0.649,0.585,0.241,2.5,9.2,5.8,33.1,1.4,0.6,13.1,17.2,4.7,0.6,5.3,0.149,3.0,-0.8,2.2,1.8,MEMPHIS GRIZZLIES,2026
wareke01,Kel'el Ware,21,77,1704,20.0,0.616,0.359,0.148,13.1,29.2,21.1,4.6,1.6,4.4,8.2,18.0,3.2,3.0,6.2,0.175,2.1,0.1,2.1,1.8,MIAMI HEAT,2026
brookdi01,Dillon Brooks,30,56,1702,14.1,0.54,0.385,0.211,2.7,10.8,6.6,9.6,1.7,0.5,8.6,28.6,0.4,1.6,2.1,0.058,-1.0,-1.3,-2.3,-0.1,PHOENIX SUNS,2026
schrode01,Dennis Schröder,32,70,1697,12.9,0.526,0.362,0.326,2.1,10.5,6.2,27.7,1.6,0.6,14.7,21.0,0.8,0.7,1.5,0.043,-0.9,-1.3,-2.2,-0.1,TOT,2026
okorois01,Isaac Okoro,25,63,1695,9.8,0.574,0.481,0.244,4.4,6.4,5.4,7.8,1.3,1.5,8.3,13.6,1.4,0.7,2.2,0.061,-3.0,-0.8,-3.8,-0.8,CHICAGO BULLS,2026
grantje01,Jerami Grant,31,57,1695,15.4,0.608,0.479,0.441,3.5,9.3,6.3,11.0,1.2,1.9,12.0,23.8,2.6,1.4,4.0,0.114,0.9,-0.9,0.0,0.9,PORTLAND TRAIL BLAZERS,2026
barlodo01,Dominick Barlow,22,71,1689,13.2,0.597,0.206,0.328,8.5,13.5,11.0,7.0,1.8,2.9,10.9,12.8,2.2,1.8,3.9,0.112,-1.5,0.4,-1.1,0.4,PHILADELPHIA 76ERS,2026
portemi01,Michael Porter Jr.,27,52,1689,19.9,0.595,0.506,0.237,4.5,21.7,12.6,18.2,1.6,0.7,10.3,30.5,1.7,1.3,2.9,0.083,4.2,-1.2,3.0,2.1,BROOKLYN NETS,2026
kennalu01,Luke Kennard,29,78,1681,13.5,0.689,0.553,0.156,2.1,10.0,6.1,13.8,1.6,0.4,11.2,13.5,3.2,1.4,4.5,0.13,0.1,0.1,0.1,0.9,TOT,2026
johnsca02,Cameron Johnson,29,54,1647,12.8,0.629,0.539,0.236,3.1,10.6,7.0,10.6,1.2,1.2,8.2,15.1,2.7,1.0,3.7,0.108,0.3,-0.9,-0.6,0.6,DENVER NUGGETS,2026
lopezbr01,Brook Lopez,37,75,1635,12.3,0.552,0.585,0.137,3.4,15.7,9.7,8.5,1.4,5.0,9.6,17.2,0.5,1.8,2.3,0.068,-1.3,0.4,-0.9,0.5,LOS ANGELES CLIPPERS,2026
rileywi01,Will Riley,19,74,1633,12.1,0.548,0.4,0.291,3.6,10.4,7.0,12.7,1.6,0.5,11.9,20.2,0.4,0.0,0.4,0.012,-1.9,-2.6,-4.5,-1.0,WASHINGTON WIZARDS,2026
willico04,Cody Williams,21,67,1631,9.6,0.524,0.257,0.234,3.9,9.3,6.6,11.4,1.5,1.5,11.5,16.0,0.0,0.1,0.1,0.004,-3.6,-1.9,-5.5,-1.5,UTAH JAZZ,2026
mathube01,Bennedict Mathurin,23,54,1620,14.7,0.575,0.352,0.496,3.9,16.5,10.2,12.0,1.3,0.7,12.5,25.2,1.0,1.1,2.1,0.062,-1.1,-1.4,-2.5,-0.2,TOT,2026
portibo01,Bobby Portis,30,67,1619,17.1,0.587,0.395,0.091,6.3,23.5,14.9,10.5,1.2,0.7,7.8,23.1,1.6,1.2,2.8,0.083,1.5,-1.6,0.0,0.8,MILWAUKEE BUCKS,2026
sextoco01,Collin Sexton,27,68,1614,17.4,0.615,0.376,0.344,2.8,7.6,5.3,21.7,2.3,0.6,14.2,25.9,2.5,1.4,3.9,0.117,1.1,-0.5,0.6,1.1,TOT,2026
cowarce01,Cedric Coward,22,62,1598,15.3,0.585,0.424,0.256,5.5,19.4,12.3,16.0,1.2,1.6,12.7,21.5,1.4,1.1,2.5,0.076,0.4,-0.6,-0.2,0.7,MEMPHIS GRIZZLIES,2026
watsope01,Peyton Watson,23,54,1598,14.3,0.594,0.339,0.325,3.6,14.4,9.3,9.7,1.5,3.6,12.3,20.6,1.0,1.6,2.6,0.078,-0.8,-0.5,-1.2,0.3,DENVER NUGGETS,2026
joneshe01,Herbert Jones,27,56,1588,9.1,0.491,0.542,0.13,3.2,9.8,6.4,12.9,2.7,1.6,12.6,15.2,-0.4,1.1,0.7,0.022,-3.7,0.6,-3.1,-0.5,NEW ORLEANS PELICANS,2026
suggsja01,Jalen Suggs,24,57,1574,15.6,0.561,0.555,0.18,2.5,13.2,7.8,29.6,3.2,2.3,17.8,22.9,0.3,2.4,2.7,0.083,0.7,1.8,2.5,1.8,ORLANDO MAGIC,2026
oubreke01,Kelly Oubre Jr.,30,50,1574,13.0,0.58,0.439,0.267,3.4,14.2,8.7,7.3,2.1,1.4,10.2,18.2,1.1,1.6,2.7,0.083,-1.3,-0.1,-1.4,0.2,PHILADELPHIA 76ERS,2026
goodwjo01,Jordan Goodwin,27,70,1572,14.7,0.525,0.544,0.101,9.4,14.8,12.0,13.6,3.3,0.9,10.5,17.5,1.5,2.4,3.9,0.118,0.3,1.5,1.8,1.5,PHOENIX SUNS,2026
holidjr01,Jrue Holiday,35,53,1560,16.4,0.573,0.511,0.148,4.9,12.3,8.5,32.1,1.7,0.3,16.2,23.5,2.1,1.5,3.6,0.109,2.4,-0.5,1.9,1.6,PORTLAND TRAIL BLAZERS,2026
harpedy01,Dylan Harper,19,69,1558,16.2,0.574,0.271,0.181,3.8,12.1,8.1,24.7,1.7,1.4,12.3,21.8,2.0,2.2,4.2,0.13,0.3,1.1,1.4,1.3,SAN ANTONIO SPURS,2026
hollaro01,Ron Holland,20,78,1551,11.7,0.525,0.364,0.274,6.1,16.5,11.4,8.2,2.9,1.7,13.6,18.9,-0.1,2.9,2.8,0.087,-3.3,1.4,-2.0,0.0,DETROIT PISTONS,2026
easonta01,Tari Eason,24,60,1549,12.9,0.514,0.448,0.116,9.0,17.8,13.5,8.0,2.3,1.7,11.7,18.7,0.6,2.3,2.9,0.091,-1.8,0.2,-1.6,0.2,HOUSTON ROCKETS,2026
huertke01,Kevin Huerter,27,69,1549,13.2,0.552,0.545,0.119,2.4,14.2,8.4,16.1,1.9,1.9,10.3,18.8,0.8,1.7,2.5,0.078,-1.1,0.5,-0.6,0.6,TOT,2026
moodymo01,Moses Moody,23,60,1540,13.5,0.6,0.677,0.203,3.6,11.0,7.2,9.2,1.8,2.0,8.6,18.3,1.7,1.4,3.1,0.096,0.2,-0.3,-0.1,0.7,GOLDEN STATE WARRIORS,2026
mannte01,Terance Mann,29,63,1529,10.2,0.564,0.418,0.217,5.0,10.5,7.6,18.6,1.3,0.9,15.0,13.5,1.2,0.6,1.8,0.056,-2.7,-0.7,-3.4,-0.6,BROOKLYN NETS,2026
allenja01,Jarrett Allen,27,56,1519,22.1,0.669,0.019,0.494,10.5,24.0,17.2,9.7,1.7,2.9,10.4,19.9,4.2,2.2,6.4,0.202,2.2,0.4,2.6,1.8,CLEVELAND CAVALIERS,2026
colliis01,Isaiah Collier,21,59,1517,14.8,0.567,0.194,0.406,1.5,9.4,5.3,39.2,2.0,1.3,19.6,20.4,1.3,0.3,1.7,0.053,-0.7,-1.8,-2.4,-0.2,UTAH JAZZ,2026
joeis01,Isaiah Joe,26,71,1507,15.5,0.657,0.788,0.227,2.5,10.2,6.5,8.6,1.6,0.7,7.0,18.4,3.2,2.4,5.5,0.176,2.0,0.5,2.5,1.7,OKLAHOMA CITY THUNDER,2026
landajo01,Jock Landale,30,68,1506,16.6,0.595,0.352,0.23,12.9,14.9,13.9,11.1,1.1,2.2,9.0,18.3,2.7,1.1,3.8,0.122,0.9,-1.0,-0.1,0.7,TOT,2026
risacza01,Zaccharie Risacher,20,67,1503,11.8,0.557,0.481,0.168,5.0,13.6,9.3,6.8,1.9,2.2,9.2,17.6,0.5,1.9,2.3,0.074,-2.3,-0.2,-2.5,-0.2,ATLANTA HAWKS,2026
thompkl01,Klay Thompson,35,69,1497,11.4,0.541,0.724,0.065,1.3,8.8,5.1,9.5,1.0,1.2,7.8,22.7,-0.3,0.9,0.5,0.018,0.2,-1.5,-1.4,0.2,DALLAS MAVERICKS,2026
kalkbry01,Ryan Kalkbrenner,24,69,1479,17.9,0.762,0.017,0.399,13.0,15.7,14.4,5.2,1.1,6.3,15.3,11.6,3.6,2.1,5.7,0.185,0.5,1.3,1.8,1.4,CHARLOTTE HORNETS,2026
elliske01,Keon Ellis,26,72,1478,10.8,0.579,0.654,0.182,2.8,7.3,5.1,6.3,2.7,2.9,9.0,13.0,1.0,1.2,2.2,0.072,-1.8,1.3,-0.5,0.6,TOT,2026
walteja01,Ja'Kobe Walter,21,72,1474,11.8,0.61,0.666,0.223,4.3,10.0,7.1,7.7,2.4,0.9,7.7,14.0,1.9,1.9,3.7,0.121,-1.3,1.0,-0.3,0.6,TORONTO RAPTORS,2026
willipa01,Patrick Williams,24,72,1474,8.2,0.494,0.573,0.157,3.6,11.8,7.7,9.4,1.6,1.5,12.8,16.6,-1.1,1.0,-0.1,-0.005,-3.4,-1.1,-4.5,-0.9,CHICAGO BULLS,2026
mitchaj01,Ajay Mitchell,23,57,1473,16.8,0.585,0.298,0.275,3.1,10.6,7.0,20.1,2.3,1.2,10.9,21.8,2.2,2.6,4.8,0.156,0.3,1.6,1.9,1.4,OKLAHOMA CITY THUNDER,2026
sharpsh01,Shaedon Sharpe,22,50,1471,15.3,0.546,0.353,0.227,3.7,12.4,8.0,15.4,2.3,0.4,13.3,30.5,-0.4,1.6,1.3,0.041,-0.4,-0.9,-1.4,0.2,PORTLAND TRAIL BLAZERS,2026
coulibi01,Bilal Coulibaly,21,56,1468,13.5,0.531,0.377,0.327,3.5,14.5,8.9,13.9,2.4,3.2,11.6,19.9,0.2,0.8,1.0,0.031,-1.7,-0.4,-2.1,-0.1,WASHINGTON WIZARDS,2026
allengr01,Grayson Allen,30,51,1467,16.1,0.568,0.682,0.252,2.7,9.2,5.9,19.9,2.3,0.8,10.1,23.8,2.3,1.6,3.9,0.127,1.9,0.2,2.1,1.5,PHOENIX SUNS,2026
willibr03,Brandon Williams,26,66,1463,16.8,0.572,0.251,0.493,2.2,11.6,6.9,26.3,2.0,1.2,14.3,25.1,1.2,1.3,2.5,0.083,0.1,0.3,0.4,0.9,DALLAS MAVERICKS,2026
jenkida01,Daniss Jenkins,24,72,1455,13.4,0.525,0.343,0.283,4.0,8.7,6.4,25.8,2.1,1.0,15.3,21.5,0.9,2.0,2.9,0.095,-0.8,0.1,-0.7,0.5,DETROIT PISTONS,2026
jacksja02,Jaren Jackson Jr.,26,48,1454,15.7,0.576,0.327,0.282,3.1,17.4,10.1,10.4,1.7,4.4,11.7,26.2,0.1,1.3,1.4,0.047,-1.1,0.5,-0.6,0.5,TOT,2026
greenja02,Javonte Green,32,82,1446,14.1,0.607,0.597,0.302,4.9,12.8,8.9,5.0,3.4,1.7,8.8,14.8,2.0,2.7,4.7,0.156,-0.3,2.4,2.1,1.5,DETROIT PISTONS,2026
zubaciv01,Ivica Zubac,28,48,1446,18.6,0.622,0.0,0.295,13.3,27.2,20.4,11.3,0.6,2.6,13.6,19.2,2.6,1.6,4.2,0.139,0.7,-0.9,-0.3,0.6,TOT,2026
johnstr03,Tre Johnson,19,60,1443,10.6,0.535,0.496,0.134,2.1,10.7,6.3,12.4,1.1,1.1,11.9,22.5,-0.6,-0.1,-0.7,-0.024,-2.1,-2.9,-5.0,-1.1,WASHINGTON WIZARDS,2026
markkla01,Lauri Markkanen,28,42,1443,21.1,0.608,0.402,0.333,6.1,15.7,10.8,10.1,1.4,1.4,6.4,28.1,3.2,0.3,3.5,0.118,4.6,-2.0,2.6,1.6,UTAH JAZZ,2026
middlkh01,Khris Middleton,34,63,1439,10.9,0.533,0.344,0.252,3.8,13.4,8.6,17.3,1.3,0.5,15.3,20.6,-0.3,0.5,0.3,0.008,-2.8,-1.5,-4.4,-0.9,TOT,2026
cissosi01,Sidy Cissoko,21,75,1435,7.1,0.514,0.593,0.263,4.6,8.0,6.3,10.2,1.7,1.5,15.8,12.5,0.0,1.3,1.3,0.045,-4.6,0.5,-4.0,-0.7,PORTLAND TRAIL BLAZERS,2026
kornelu01,Luke Kornet,30,68,1430,17.9,0.689,0.0,0.419,14.0,17.0,15.5,11.3,1.1,4.0,8.0,10.3,4.6,2.3,6.9,0.231,1.6,2.1,3.6,2.0,SAN ANTONIO SPURS,2026
scheiba01,Baylor Scheierman,25,77,1429,11.6,0.616,0.73,0.093,4.5,16.0,10.3,10.5,1.5,0.4,11.7,11.9,2.1,1.8,3.8,0.129,-0.7,1.3,0.6,0.9,BOSTON CELTICS,2026
jonessp01,Spencer Jones,24,64,1417,9.3,0.619,0.55,0.195,6.2,10.1,8.3,4.5,1.8,1.9,9.8,9.7,1.5,1.2,2.6,0.089,-2.4,0.0,-2.4,-0.1,DENVER NUGGETS,2026
willima07,Mark Williams,24,60,1416,21.8,0.68,0.002,0.4,14.0,23.7,18.7,6.3,1.9,3.7,11.2,17.4,4.0,2.3,6.3,0.215,1.5,0.5,2.0,1.4,PHOENIX SUNS,2026
wiggiaa01,Aaron Wiggins,27,65,1414,11.7,0.538,0.504,0.134,3.3,11.7,7.6,10.6,2.1,1.9,12.5,19.9,-0.4,2.5,2.1,0.072,-1.7,0.7,-0.9,0.4,OKLAHOMA CITY THUNDER,2026
claytwa01,Walter Clayton,22,69,1410,10.3,0.523,0.529,0.262,1.9,8.9,5.3,26.6,1.5,1.3,18.4,18.5,0.0,0.3,0.3,0.009,-2.2,-2.1,-4.3,-0.8,TOT,2026
braunch01,Christian Braun,24,44,1399,12.6,0.607,0.368,0.26,5.1,11.5,8.4,11.4,1.0,0.8,9.0,14.8,2.2,0.8,3.0,0.103,-0.4,-0.9,-1.2,0.3,DENVER NUGGETS,2026
santogu01,Gui Santos,23,68,1395,14.2,0.609,0.483,0.261,5.9,15.6,10.6,16.7,2.1,1.5,16.6,18.7,1.2,1.5,2.7,0.094,-0.9,0.3,-0.6,0.5,GOLDEN STATE WARRIORS,2026
krejcvi01,Vít Krejčí,25,65,1392,11.1,0.609,0.765,0.119,2.4,9.3,5.8,9.6,1.6,1.2,8.3,14.6,1.5,1.3,2.9,0.099,-1.5,0.0,-1.6,0.1,TOT,2026
georgky01,Kyshawn George,22,48,1391,13.8,0.559,0.451,0.227,3.3,15.9,9.5,22.4,1.6,2.7,16.5,22.8,0.1,0.5,0.6,0.022,-0.5,-0.6,-1.2,0.3,WASHINGTON WIZARDS,2026
sheppbe01,Ben Sheppard,24,65,1390,9.7,0.561,0.599,0.132,3.3,12.2,7.6,11.3,1.3,0.4,9.1,13.8,0.8,0.7,1.4,0.05,-2.4,-0.6,-3.0,-0.4,INDIANA PACERS,2026
champju01,Justin Champagnie,24,69,1377,17.3,0.589,0.359,0.221,11.1,19.0,15.0,8.7,2.0,2.7,8.2,16.7,2.4,0.8,3.1,0.109,0.6,-1.0,-0.4,0.6,WASHINGTON WIZARDS,2026
richawi02,Will Richard,23,69,1377,11.0,0.596,0.613,0.156,5.3,8.7,7.0,9.3,2.8,0.6,12.5,13.0,1.2,1.4,2.5,0.089,-2.5,0.9,-1.7,0.1,GOLDEN STATE WARRIORS,2026
trentga02,Gary Trent Jr.,27,65,1377,8.0,0.533,0.723,0.11,0.7,4.8,2.8,8.0,1.2,0.2,7.6,17.2,-0.2,0.2,-0.1,-0.002,-3.2,-2.2,-5.4,-1.2,MILWAUKEE BUCKS,2026
merrisa01,Sam Merrill,29,52,1377,13.6,0.644,0.775,0.143,2.2,8.4,5.3,12.3,1.2,0.5,7.5,17.0,2.8,0.9,3.7,0.127,1.0,-1.0,0.1,0.7,CLEVELAND CAVALIERS,2026
simonan01,Anfernee Simons,26,55,1372,14.4,0.576,0.585,0.119,2.5,8.1,5.4,14.6,1.0,0.6,9.1,23.6,1.8,1.1,2.9,0.101,1.2,-1.3,-0.1,0.7,TOT,2026
alvarjo01,Jose Alvarado,27,69,1370,12.1,0.543,0.639,0.102,2.1,11.6,6.8,23.1,2.3,0.6,14.1,16.8,1.0,1.2,2.2,0.077,-1.3,0.3,-1.0,0.3,TOT,2026
monkma01,Malik Monk,27,62,1364,14.2,0.568,0.497,0.169,1.2,8.6,4.8,20.6,1.3,1.6,11.8,24.0,0.8,0.2,1.0,0.034,0.8,-2.1,-1.3,0.2,SACRAMENTO KINGS,2026
dunnry01,Ryan Dunn,23,70,1355,11.7,0.532,0.467,0.13,7.8,16.8,12.2,10.3,2.2,2.0,12.8,13.7,0.7,1.9,2.6,0.093,-2.1,1.2,-0.9,0.4,PHOENIX SUNS,2026
okogijo01,Josh Okogie,27,78,1354,9.9,0.544,0.548,0.235,6.7,9.6,8.2,6.4,2.3,1.1,11.2,11.3,1.1,1.6,2.7,0.095,-2.3,1.1,-1.2,0.3,HOUSTON ROCKETS,2026
sandeko01,Kobe Sanders,23,68,1351,10.0,0.597,0.51,0.18,2.6,10.4,6.6,11.4,1.8,0.7,16.4,16.3,0.4,1.0,1.4,0.051,-2.7,-0.2,-2.9,-0.3,LOS ANGELES CLIPPERS,2026
jonesde02,Derrick Jones Jr.,28,50,1350,13.3,0.6,0.404,0.245,5.4,9.4,7.5,7.3,1.7,3.5,8.7,15.1,1.7,1.1,2.8,0.1,-0.6,-0.1,-0.7,0.5,LOS ANGELES CLIPPERS,2026
garlada01,Darius Garland,26,45,1344,17.1,0.582,0.458,0.182,1.5,7.4,4.5,34.9,1.6,0.6,15.2,27.4,1.7,0.9,2.6,0.092,2.2,-2.4,-0.2,0.6,TOT,2026
nesmiaa01,Aaron Nesmith,26,45,1335,10.8,0.554,0.541,0.217,3.8,11.6,7.6,9.4,0.9,1.5,10.1,19.8,0.1,0.6,0.7,0.026,-1.7,-1.6,-3.4,-0.5,INDIANA PACERS,2026
murrakr01,Kris Murray,25,57,1333,9.6,0.55,0.442,0.207,7.2,9.6,8.4,8.1,1.8,1.5,13.5,10.6,0.9,1.3,2.2,0.079,-2.3,0.8,-1.5,0.2,PORTLAND TRAIL BLAZERS,2026
curryst01,Stephen Curry,37,43,1329,22.6,0.637,0.606,0.277,1.4,11.7,6.5,27.0,1.8,1.2,11.9,32.5,2.9,1.2,4.1,0.147,6.3,-1.0,5.4,2.5,GOLDEN STATE WARRIORS,2026
millejo02,Jordan Miller,26,60,1325,15.9,0.628,0.276,0.439,4.5,11.3,8.0,15.1,1.7,0.8,11.7,18.0,2.5,1.0,3.5,0.125,0.6,-0.4,0.2,0.8,LOS ANGELES CLIPPERS,2026
poweldr01,Drake Powell,20,63,1320,7.3,0.521,0.508,0.215,1.8,8.4,4.9,10.3,1.3,1.0,13.3,14.9,-0.5,0.5,-0.1,-0.003,-4.6,-1.3,-6.0,-1.3,BROOKLYN NETS,2026
simsje01,Jericho Sims,27,67,1318,12.9,0.772,0.0,0.384,12.7,19.0,15.9,10.7,0.7,1.3,25.8,9.8,2.5,0.7,3.2,0.117,-2.1,-0.9,-3.1,-0.4,MILWAUKEE BUCKS,2026
wadede01,Dean Wade,29,59,1318,10.9,0.58,0.705,0.137,4.4,16.1,10.3,8.3,1.6,1.7,5.1,9.9,1.7,1.4,3.1,0.114,-0.8,1.0,0.2,0.7,CLEVELAND CAVALIERS,2026
stewais01,Isaiah Stewart,24,58,1317,15.2,0.632,0.299,0.326,8.3,16.3,12.4,6.9,0.6,7.0,12.7,16.6,1.9,2.1,4.1,0.149,-1.1,1.1,0.0,0.7,DETROIT PISTONS,2026
demineg01,Egor Dёmin,19,52,1308,11.3,0.561,0.717,0.145,1.8,13.5,7.3,20.7,1.6,1.2,15.3,18.8,0.1,0.7,0.9,0.032,-0.9,-0.7,-1.6,0.1,BROOKLYN NETS,2026
sarral01,Alex Sarr,20,48,1305,19.4,0.544,0.229,0.223,8.5,20.9,14.6,15.9,1.4,6.4,10.2,25.7,0.7,0.9,1.6,0.059,0.8,-0.1,0.7,0.9,WASHINGTON WIZARDS,2026
missiyv01,Yves Missi,21,66,1297,15.0,0.556,0.003,0.347,15.0,17.0,16.0,8.6,0.7,7.4,13.7,12.6,1.6,1.1,2.7,0.098,-1.4,-0.3,-1.7,0.1,NEW ORLEANS PELICANS,2026
batumni01,Nicolas Batum,37,74,1295,8.4,0.603,0.958,0.046,2.1,14.1,8.3,6.5,1.8,1.7,13.2,9.6,0.6,1.2,1.8,0.066,-1.7,0.7,-1.0,0.3,LOS ANGELES CLIPPERS,2026
willizi02,Ziaire Williams,24,56,1281,12.4,0.579,0.58,0.323,2.6,10.0,6.1,7.4,2.9,1.5,10.7,18.9,0.5,1.1,1.6,0.059,-2.0,0.4,-1.7,0.1,BROOKLYN NETS,2026
clarkjo01,Jordan Clarkson,33,72,1279,11.6,0.548,0.407,0.179,5.4,5.7,5.6,10.7,1.2,0.7,10.0,21.1,0.9,1.0,1.9,0.072,-1.9,-1.4,-3.3,-0.4,NEW YORK KNICKS,2026
willija07,Jaylin Williams,23,65,1277,13.8,0.597,0.727,0.261,2.8,26.6,15.2,16.0,1.2,3.2,14.6,15.6,1.3,2.8,4.1,0.155,0.0,2.8,2.7,1.5,OKLAHOMA CITY THUNDER,2026
porteke02,Kevin Porter Jr.,25,38,1261,18.7,0.567,0.278,0.304,3.1,14.6,8.9,33.8,3.2,1.5,15.9,24.3,1.5,1.3,2.8,0.106,0.8,1.2,2.1,1.3,MILWAUKEE BUCKS,2026
whiteco01,Coby White,25,50,1249,16.1,0.595,0.51,0.387,1.5,13.1,7.4,24.8,0.9,0.4,14.9,28.8,1.2,0.7,2.0,0.076,0.6,-1.9,-1.3,0.2,TOT,2026
murraco01,Collin Murray-Boyles,20,57,1246,16.4,0.621,0.146,0.316,12.0,14.0,13.0,11.7,2.0,4.1,13.2,15.5,2.1,1.9,4.0,0.154,-0.5,1.5,1.0,1.0,TORONTO RAPTORS,2026
traorno01,Nolan Traoré,19,56,1243,7.9,0.479,0.401,0.196,1.2,8.4,4.6,27.2,1.8,1.7,19.9,22.8,-2.3,0.6,-1.6,-0.063,-4.8,-2.0,-6.8,-1.5,BROOKLYN NETS,2026
bonaad01,Adem Bona,22,71,1234,12.8,0.638,0.027,0.514,11.2,16.0,13.6,3.4,1.2,6.2,17.2,11.1,1.4,1.5,2.9,0.112,-3.2,0.3,-2.9,-0.3,PHILADELPHIA 76ERS,2026
drumman01,Andre Drummond,32,63,1231,16.4,0.539,0.267,0.249,17.5,29.8,23.6,8.9,1.5,3.7,14.0,14.9,1.5,1.9,3.4,0.133,-0.4,-0.2,-0.6,0.4,PHILADELPHIA 76ERS,2026
spencpa01,Pat Spencer,29,66,1229,12.1,0.516,0.385,0.131,4.5,9.9,7.2,27.1,1.9,0.4,15.6,18.9,0.5,1.0,1.4,0.056,-1.7,-0.6,-2.3,-0.1,GOLDEN STATE WARRIORS,2026
lavinza01,Zach LaVine,30,39,1224,14.7,0.614,0.464,0.26,0.7,9.4,4.9,11.2,1.1,0.8,10.8,23.7,1.3,0.0,1.3,0.051,0.6,-2.2,-1.5,0.2,SACRAMENTO KINGS,2026
walshjo01,Jordan Walsh,21,68,1212,13.1,0.623,0.468,0.213,7.9,16.6,12.3,5.8,2.0,2.6,10.7,11.7,1.9,1.9,3.8,0.15,-1.4,1.6,0.2,0.7,BOSTON CELTICS,2026
hayesja02,Jaxson Hayes,25,66,1207,18.3,0.758,0.011,0.573,10.0,16.1,13.2,6.9,1.2,4.0,8.6,13.0,3.8,1.2,5.0,0.199,0.8,0.4,1.2,1.0,LOS ANGELES LAKERS,2026
embiijo01,Joel Embiid,31,38,1201,24.7,0.605,0.228,0.481,6.7,20.0,13.3,21.7,0.8,3.6,11.4,33.5,2.8,1.3,4.1,0.163,5.1,-0.2,4.9,2.1,PHILADELPHIA 76ERS,2026
baglema01,Marvin Bagley III,26,60,1201,20.2,0.661,0.127,0.35,13.2,19.3,16.3,10.8,1.1,3.1,11.4,18.6,3.0,0.8,3.8,0.15,1.8,-1.0,0.8,0.8,TOT,2026
aldamsa01,Santi Aldama,25,43,1198,16.3,0.572,0.42,0.239,6.0,20.2,13.0,15.7,1.5,2.4,9.5,20.2,1.3,1.0,2.3,0.092,1.3,0.4,1.7,1.1,MEMPHIS GRIZZLIES,2026
gaffoda01,Daniel Gafford,27,55,1195,18.8,0.677,0.0,0.509,12.3,21.1,16.7,7.0,1.7,4.9,14.0,15.8,2.5,1.7,4.1,0.167,-0.5,1.2,0.7,0.8,DALLAS MAVERICKS,2026
wolfda01,Danny Wolf,21,57,1187,12.3,0.521,0.48,0.248,5.3,23.2,13.8,17.1,1.2,2.5,13.0,20.6,-0.2,1.0,0.8,0.032,-2.2,-0.3,-2.5,-0.2,BROOKLYN NETS,2026
butleji01,Jimmy Butler,36,38,1182,23.5,0.646,0.184,0.621,8.2,11.8,10.0,24.3,2.3,0.6,9.3,23.3,4.6,1.1,5.7,0.233,5.0,0.5,5.5,2.3,GOLDEN STATE WARRIORS,2026
gueyemo02,Mouhamed Gueye,23,77,1179,12.0,0.539,0.448,0.214,8.1,17.4,12.7,7.4,2.4,3.0,9.4,12.4,0.9,1.8,2.7,0.11,-2.6,1.3,-1.3,0.2,ATLANTA HAWKS,2026
jacksgg01,GG Jackson II,21,55,1178,15.6,0.591,0.375,0.294,4.4,17.4,10.8,10.7,1.2,3.4,12.8,23.5,0.4,0.9,1.3,0.052,0.0,-1.2,-1.2,0.2,MEMPHIS GRIZZLIES,2026
hylanbo01,Bones Hyland,25,71,1177,15.1,0.599,0.639,0.175,2.2,9.5,5.9,22.7,1.8,1.3,12.2,20.6,1.8,1.3,3.1,0.126,1.2,0.5,1.7,1.1,MINNESOTA TIMBERWOLVES,2026
huntede01,De'Andre Hunter,28,45,1176,11.4,0.545,0.491,0.285,2.8,14.5,8.7,10.6,1.2,0.5,11.7,22.9,0.1,1.0,1.1,0.044,-2.5,-1.5,-3.9,-0.6,TOT,2026
robinmi01,Mitchell Robinson,27,60,1175,21.1,0.676,0.0,0.5,23.9,26.1,25.0,5.8,2.4,6.1,14.0,10.7,3.3,2.5,5.8,0.236,1.9,1.5,3.5,1.6,NEW YORK KNICKS,2026
fontesi01,Simone Fontecchio,30,70,1173,13.8,0.579,0.696,0.217,4.9,13.8,9.3,11.6,1.5,0.7,8.7,19.6,1.4,1.2,2.6,0.106,0.7,-0.2,0.5,0.7,MIAMI HEAT,2026
nembhry01,Ryan Nembhard,22,60,1171,10.9,0.492,0.346,0.079,1.2,10.8,6.0,37.2,1.0,0.1,17.4,17.5,0.1,0.7,0.8,0.031,-2.4,-1.7,-4.1,-0.6,DALLAS MAVERICKS,2026
shamela01,Landry Shamet,28,51,1171,11.2,0.598,0.723,0.209,2.2,6.6,4.4,8.2,1.3,0.8,7.0,15.7,1.6,1.0,2.6,0.106,-0.4,0.1,-0.3,0.5,NEW YORK KNICKS,2026
sharpda01,Day'Ron Sharpe,24,62,1160,20.5,0.638,0.11,0.427,16.2,25.7,20.7,21.1,2.9,2.1,20.0,19.9,2.0,1.5,3.5,0.144,0.4,1.0,1.4,1.0,BROOKLYN NETS,2026
mccaija01,Jared McCain,21,67,1160,11.6,0.551,0.535,0.123,2.2,10.6,6.4,11.0,1.5,0.4,10.0,20.7,0.2,1.2,1.5,0.06,-1.6,-0.8,-2.4,-0.1,TOT,2026
postqu01,Quinten Post,25,67,1159,13.0,0.56,0.631,0.098,6.4,19.7,12.9,11.9,1.1,2.8,10.9,18.8,0.7,1.2,1.9,0.078,-1.0,-0.1,-1.1,0.3,GOLDEN STATE WARRIORS,2026
mykhasv01,Svi Mykhailiuk,28,50,1156,11.4,0.626,0.663,0.077,3.3,8.4,5.8,11.0,1.1,0.3,10.1,14.8,1.3,-0.2,1.1,0.048,0.3,-2.0,-1.7,0.1,UTAH JAZZ,2026
leverca01,Caris LeVert,31,60,1154,10.9,0.518,0.46,0.215,2.3,9.0,5.7,18.2,2.1,3.5,16.1,18.4,-0.2,1.8,1.6,0.066,-1.8,1.5,-0.4,0.5,DETROIT PISTONS,2026
poeltja01,Jakob Poeltl,30,46,1149,18.1,0.698,0.0,0.316,11.2,20.8,16.0,11.7,1.7,2.7,13.9,15.3,2.6,1.8,4.3,0.18,0.2,1.4,1.6,1.0,TORONTO RAPTORS,2026
portecr01,Craig Porter Jr.,25,64,1148,13.7,0.524,0.36,0.155,8.2,12.9,10.5,22.4,2.4,3.1,17.6,12.3,1.3,1.5,2.8,0.116,0.0,1.9,2.0,1.2,CLEVELAND CAVALIERS,2026
paytoga02,Gary Payton II,33,73,1142,18.3,0.632,0.306,0.096,9.7,16.3,12.9,16.9,2.8,1.7,12.5,18.4,2.0,1.5,3.5,0.149,0.7,1.3,1.9,1.1,GOLDEN STATE WARRIORS,2026
smithdr01,Dru Smith,28,70,1141,14.5,0.532,0.397,0.323,5.6,10.2,7.9,20.0,4.1,1.6,12.9,15.2,1.2,1.9,3.0,0.127,-1.5,3.6,2.2,1.2,MIAMI HEAT,2026
harteis01,Isaiah Hartenstein,27,47,1137,19.8,0.631,0.024,0.355,14.8,27.0,21.1,20.1,2.0,3.1,19.3,16.1,2.5,2.8,5.3,0.223,1.0,3.2,4.2,1.8,OKLAHOMA CITY THUNDER,2026
georgpa01,Paul George,35,37,1135,16.7,0.57,0.497,0.216,1.9,17.1,9.4,17.7,2.6,1.3,10.2,23.3,1.1,1.4,2.5,0.108,1.0,0.7,1.7,1.1,PHILADELPHIA 76ERS,2026
vandeja01,Jarred Vanderbilt,26,65,1128,11.2,0.544,0.413,0.233,8.6,21.3,15.2,9.6,2.4,1.6,17.5,12.4,0.4,1.5,1.8,0.079,-2.4,0.9,-1.5,0.1,LOS ANGELES LAKERS,2026
meltode01,De'Anthony Melton,27,49,1125,13.4,0.518,0.464,0.229,3.8,12.0,7.8,16.9,3.3,1.6,13.5,25.4,-0.7,1.5,0.7,0.031,-2.6,0.1,-2.5,-0.1,GOLDEN STATE WARRIORS,2026
garzalu01,Luka Garza,27,69,1118,19.9,0.682,0.356,0.328,15.7,12.0,13.8,8.5,1.2,2.5,10.1,17.7,3.9,1.4,5.3,0.226,2.2,0.2,2.4,1.2,BOSTON CELTICS,2026
hendrta01,Taylor Hendricks,22,59,1118,12.2,0.566,0.518,0.203,6.2,15.4,10.7,6.8,2.1,2.5,11.5,16.2,0.4,0.8,1.1,0.049,-1.5,-0.9,-2.4,-0.1,TOT,2026
konchjo01,John Konchar,29,56,1115,13.6,0.568,0.497,0.221,7.0,16.5,11.6,13.4,3.5,3.2,13.8,9.4,1.2,1.2,2.4,0.104,-1.3,2.2,0.9,0.8,TOT,2026
diengou01,Ousmane Dieng,22,57,1099,10.2,0.516,0.465,0.113,3.0,15.2,9.2,17.7,1.1,1.5,15.2,19.7,-0.6,0.9,0.3,0.012,-2.6,-1.2,-3.8,-0.5,TOT,2026
smithja04,Jalen Smith,25,53,1095,16.6,0.608,0.545,0.23,9.6,24.6,17.2,8.5,1.0,3.3,10.6,19.0,1.5,1.1,2.6,0.114,0.2,-0.9,-0.7,0.4,CHICAGO BULLS,2026
caldwke01,Kentavious Caldwell-Pope,32,51,1088,11.0,0.533,0.475,0.219,2.0,10.6,6.2,17.7,1.9,0.7,13.2,17.7,0.2,0.5,0.7,0.032,-2.3,-0.2,-2.5,-0.1,MEMPHIS GRIZZLIES,2026
gonzahu01,Hugo González,19,74,1084,10.2,0.561,0.472,0.106,6.4,18.3,12.5,4.8,2.0,2.0,12.9,11.8,0.5,1.7,2.2,0.099,-3.1,1.6,-1.5,0.1,BOSTON CELTICS,2026
nurkiju01,Jusuf Nurkić,31,41,1083,16.4,0.548,0.198,0.316,10.3,32.6,21.2,25.4,2.3,2.0,19.9,19.3,0.4,1.1,1.5,0.068,-0.5,1.6,1.1,0.9,UTAH JAZZ,2026
mcbrimi01,Miles McBride,25,41,1080,13.1,0.578,0.671,0.116,2.5,7.9,5.2,13.5,1.6,0.9,7.2,18.2,1.6,1.1,2.7,0.119,1.0,0.2,1.2,0.9,NEW YORK KNICKS,2026
kispeco01,Corey Kispert,26,58,1080,13.1,0.609,0.602,0.246,2.7,10.7,6.6,11.8,0.7,0.7,9.3,18.6,1.4,0.5,1.8,0.082,0.1,-2.0,-1.9,0.0,TOT,2026
ruperra01,Rayan Rupert,21,64,1072,8.2,0.493,0.435,0.173,4.8,14.4,9.5,8.6,2.4,0.8,14.0,15.0,-0.5,1.1,0.6,0.026,-5.0,-0.1,-5.1,-0.8,TOT,2026
dickgr01,Gradey Dick,22,76,1067,10.7,0.538,0.484,0.229,4.4,11.3,7.8,6.5,2.1,0.6,9.2,18.7,0.2,1.3,1.4,0.064,-3.2,-0.4,-3.6,-0.4,TORONTO RAPTORS,2026
antetgi01,Giannis Antetokounmpo,31,36,1039,32.6,0.658,0.075,0.597,10.7,27.4,19.2,38.7,1.6,2.3,13.2,37.0,3.9,1.1,5.0,0.231,7.7,1.8,9.5,3.0,MILWAUKEE BUCKS,2026
herroty01,Tyler Herro,26,33,1033,17.1,0.602,0.431,0.21,1.4,14.6,7.9,19.7,1.0,1.0,10.2,24.7,1.4,1.0,2.4,0.112,2.4,-0.4,2.0,1.1,MIAMI HEAT,2026
watkija01,Jamir Watkins,24,50,1032,11.8,0.554,0.534,0.277,5.0,15.4,10.1,8.8,2.5,2.1,10.8,15.1,0.5,0.5,1.1,0.049,-2.9,-0.5,-3.3,-0.3,WASHINGTON WIZARDS,2026
carusal01,Alex Caruso,31,56,1020,12.8,0.54,0.603,0.17,3.1,13.0,8.2,14.1,3.4,1.6,13.0,15.7,0.3,2.2,2.5,0.12,-1.4,3.3,1.9,1.0,OKLAHOMA CITY THUNDER,2026
wagnefr01,Franz Wagner,24,34,1019,19.2,0.588,0.274,0.391,4.7,14.8,9.7,18.2,1.5,1.0,8.9,27.0,1.8,1.1,2.8,0.134,2.6,-0.2,2.5,1.2,ORLANDO MAGIC,2026
loveca01,Caleb Love,24,49,1013,10.7,0.497,0.596,0.1,2.6,9.7,6.1,18.4,1.3,0.4,10.8,23.0,-0.1,0.8,0.6,0.031,-1.5,-1.6,-3.1,-0.3,PORTLAND TRAIL BLAZERS,2026
williro04,Robert Williams,28,59,1008,22.1,0.722,0.092,0.228,14.9,29.9,22.3,8.9,1.7,7.7,15.1,13.1,2.4,2.0,4.5,0.213,2.0,2.4,4.5,1.7,PORTLAND TRAIL BLAZERS,2026
yabusgu01,Guerschon Yabusele,30,67,1007,11.1,0.543,0.628,0.231,6.1,19.0,12.6,8.3,1.2,1.5,10.7,16.1,0.4,1.0,1.4,0.067,-1.7,-0.5,-2.2,-0.1,TOT,2026
gordoaa01,Aaron Gordon,30,36,1005,18.5,0.62,0.394,0.41,6.0,16.8,11.6,13.7,1.0,0.9,7.5,21.9,2.4,0.7,3.2,0.153,2.9,-1.2,1.7,0.9,DENVER NUGGETS,2026
tomlina01,Nae'Qwan Tomlin,25,64,1004,12.9,0.549,0.366,0.194,9.5,10.9,10.2,7.0,2.0,3.2,7.8,15.5,1.1,1.1,2.2,0.107,-2.2,0.1,-2.1,0.0,CLEVELAND CAVALIERS,2026
conlemi01,Mike Conley,38,54,991,9.4,0.517,0.772,0.233,2.0,8.2,5.2,19.5,1.7,1.2,12.5,11.5,0.9,1.0,1.9,0.092,-2.3,1.0,-1.3,0.2,MINNESOTA TIMBERWOLVES,2026
prospol01,Olivier-Maxence Prosper,23,53,984,16.9,0.662,0.423,0.326,6.4,14.3,10.3,7.8,1.9,1.2,10.5,18.9,1.8,0.7,2.4,0.119,1.1,-1.2,-0.1,0.5,MEMPHIS GRIZZLIES,2026
jonesty01,Tyus Jones,29,67,979,8.3,0.448,0.628,0.041,1.4,7.2,4.3,20.9,1.8,0.3,10.1,10.7,0.2,0.8,1.0,0.051,-2.9,0.5,-2.4,-0.1,TOT,2026
edwarju01,Justin Edwards,22,64,977,12.1,0.572,0.563,0.122,2.9,7.7,5.2,11.5,2.7,1.1,9.6,16.1,0.8,0.9,1.7,0.086,-1.8,0.6,-1.3,0.2,PHILADELPHIA 76ERS,2026
agbajoc01,Ochai Agbaji,25,62,973,8.9,0.525,0.457,0.154,5.3,11.5,8.3,6.8,1.2,1.7,9.4,14.6,0.1,0.8,0.9,0.046,-3.5,-0.5,-4.0,-0.5,TOT,2026
bitadgo01,Goga Bitadze,26,64,972,20.1,0.7,0.049,0.431,15.6,21.2,18.4,12.5,1.8,5.7,13.8,13.5,2.8,1.6,4.4,0.218,0.8,2.0,2.8,1.2,ORLANDO MAGIC,2026
dilliro01,Rob Dillingham,21,65,970,7.7,0.469,0.323,0.133,2.1,12.2,7.2,20.6,2.3,0.5,18.6,23.1,-2.0,0.9,-1.1,-0.056,-6.3,-0.9,-7.3,-1.3,TOT,2026
horfoal01,Al Horford,39,45,969,14.7,0.554,0.633,0.08,5.0,20.5,12.6,17.0,1.5,4.9,11.1,16.5,0.8,1.3,2.1,0.105,0.3,1.3,1.6,0.9,GOLDEN STATE WARRIORS,2026
mccontj01,T.J. McConnell,33,56,963,20.5,0.567,0.111,0.064,2.4,11.8,7.0,50.0,2.8,0.9,12.1,23.2,1.8,0.8,2.6,0.132,2.1,0.4,2.5,1.1,INDIANA PACERS,2026
brownko01,Kobe Brown,26,61,963,12.0,0.594,0.513,0.218,7.8,13.6,10.7,11.6,1.2,1.1,15.1,15.6,0.8,0.6,1.3,0.066,-1.2,-1.4,-2.7,-0.2,TOT,2026
gillan01,Anthony Gill,33,55,951,13.4,0.682,0.223,0.214,6.4,11.5,8.9,10.0,1.5,1.9,13.3,11.9,1.6,0.1,1.7,0.087,-1.3,-1.3,-2.6,-0.2,WASHINGTON WIZARDS,2026
jakucka01,Kasparas Jakučionis,19,53,945,11.9,0.614,0.655,0.277,4.7,10.5,7.6,18.1,1.6,0.7,15.8,13.7,1.4,0.9,2.3,0.114,-1.0,0.6,-0.4,0.4,MIAMI HEAT,2026
willija06,Jalen Williams,24,33,936,19.0,0.56,0.173,0.289,3.3,13.9,8.8,29.3,2.0,0.9,11.1,26.2,1.3,1.7,3.0,0.156,1.1,1.0,2.1,1.0,OKLAHOMA CITY THUNDER,2026
poolejo01,Jordan Poole,26,39,933,11.5,0.53,0.649,0.257,1.0,7.9,4.4,18.3,1.1,1.5,12.3,25.1,0.0,0.2,0.2,0.01,-1.0,-2.6,-3.5,-0.4,NEW ORLEANS PELICANS,2026
capelca01,Clint Capela,31,75,926,17.9,0.54,0.009,0.344,19.4,21.8,20.6,7.1,1.9,6.3,13.6,13.7,1.3,1.7,3.0,0.156,-0.5,0.9,0.4,0.6,HOUSTON ROCKETS,2026
sarafbe01,Ben Saraf,19,44,916,7.8,0.486,0.297,0.29,2.4,9.7,5.8,24.5,2.1,0.8,22.5,21.0,-1.6,0.5,-1.1,-0.057,-5.6,-1.7,-7.3,-1.2,BROOKLYN NETS,2026
peavymi01,Micah Peavy,24,61,913,8.3,0.455,0.393,0.105,5.4,8.5,6.9,8.8,2.3,0.9,6.5,14.0,-0.1,0.5,0.4,0.02,-4.4,-0.8,-5.2,-0.7,NEW ORLEANS PELICANS,2026
matkoka01,Karlo Matković,24,62,912,16.5,0.696,0.383,0.174,8.4,18.8,13.5,7.7,1.3,5.6,11.8,13.1,1.8,0.9,2.7,0.141,0.2,0.4,0.7,0.6,NEW ORLEANS PELICANS,2026
greenjo02,Josh Green,25,58,908,9.7,0.644,0.762,0.155,5.7,7.0,6.3,6.8,1.9,0.6,15.3,10.6,1.0,0.9,1.9,0.099,-1.7,1.0,-0.7,0.3,CHARLOTTE HORNETS,2026
pottemi01,Micah Potter,27,47,908,17.0,0.679,0.573,0.345,6.8,21.4,14.0,11.2,1.2,1.4,12.2,18.0,1.8,0.7,2.6,0.135,1.5,-0.8,0.7,0.6,INDIANA PACERS,2026
jacksis01,Isaiah Jackson,24,55,908,17.3,0.653,0.013,0.443,13.6,21.8,17.7,8.5,1.9,4.8,17.0,16.2,1.4,1.2,2.6,0.139,-1.9,0.8,-1.2,0.2,TOT,2026
cardwdy01,Dylan Cardwell,24,44,907,15.8,0.591,0.022,0.285,17.6,23.5,20.5,9.2,1.6,6.8,16.2,11.3,1.4,0.9,2.3,0.122,-2.5,0.6,-1.9,0.0,SACRAMENTO KINGS,2026
poweldw01,Dwight Powell,34,63,904,12.6,0.699,0.069,1.109,11.3,18.7,15.1,9.5,1.8,2.0,21.4,8.9,1.6,1.0,2.6,0.138,-2.9,1.5,-1.4,0.1,DALLAS MAVERICKS,2026
reedpa01,Paul Reed,26,65,901,24.2,0.65,0.118,0.324,16.5,20.1,18.3,13.3,3.1,6.6,13.0,20.6,2.4,2.1,4.5,0.239,2.4,2.9,5.3,1.6,DETROIT PISTONS,2026
hardyja02,Jaden Hardy,23,57,898,10.9,0.566,0.611,0.175,1.8,8.5,5.1,9.7,0.8,0.6,11.8,24.4,-0.3,0.1,-0.2,-0.01,-1.5,-3.3,-4.8,-0.6,TOT,2026
jacksqu01,Quenton Jackson,27,49,897,14.4,0.589,0.36,0.363,3.3,10.7,6.9,23.1,1.6,0.6,14.0,20.9,0.9,0.5,1.4,0.076,-1.1,-0.8,-1.8,0.0,INDIANA PACERS,2026
clarkja02,Jaylen Clark,24,68,888,10.3,0.534,0.443,0.294,6.8,8.0,7.4,6.3,2.5,0.9,8.2,13.3,0.6,1.0,1.7,0.09,-3.2,0.7,-2.4,-0.1,MINNESOTA TIMBERWOLVES,2026
thomaca02,Cam Thomas,24,42,881,12.6,0.53,0.364,0.367,1.4,8.1,4.6,21.0,0.5,0.4,12.1,30.3,-0.5,0.1,-0.4,-0.024,-1.2,-3.9,-5.2,-0.7,TOT,2026
mcgowbr01,Bryce McGowens,23,42,880,11.7,0.61,0.392,0.401,1.5,9.4,5.4,9.5,1.5,1.0,5.7,14.0,1.4,0.3,1.7,0.095,-2.0,-0.9,-2.8,-0.2,NEW ORLEANS PELICANS,2026
vincega01,Gabe Vincent,29,53,879,6.5,0.511,0.801,0.106,2.2,4.7,3.5,10.8,1.5,0.3,10.7,12.3,0.1,0.5,0.6,0.035,-3.8,-0.5,-4.3,-0.5,TOT,2026
valanjo01,Jonas Valančiūnas,33,65,871,22.0,0.63,0.067,0.349,14.2,27.5,21.2,14.1,0.8,4.0,14.0,26.1,1.8,1.1,2.9,0.162,0.5,-0.5,0.0,0.4,DENVER NUGGETS,2026
carteje01,Jevon Carter,30,53,867,10.7,0.537,0.7,0.062,1.8,9.6,5.6,14.0,2.2,1.0,10.2,17.0,0.1,0.8,0.9,0.052,-1.4,0.4,-1.1,0.2,TOT,2026
watfotr01,Trendon Watford,25,53,864,13.1,0.573,0.187,0.287,4.7,17.5,11.0,21.8,0.9,2.4,17.5,17.9,0.6,0.8,1.4,0.078,-2.2,0.2,-1.9,0.0,PHILADELPHIA 76ERS,2026
strawju01,Julian Strawther,23,57,861,12.5,0.59,0.47,0.219,1.6,12.7,7.4,9.8,1.4,0.7,9.3,19.4,0.7,0.6,1.3,0.071,-1.2,-1.1,-2.3,-0.1,DENVER NUGGETS,2026
wilsoja03,Jalen Wilson,25,54,859,8.7,0.536,0.547,0.345,2.2,13.9,7.7,9.0,1.3,0.2,10.6,18.2,-0.2,0.4,0.2,0.012,-3.6,-2.1,-5.6,-0.8,BROOKLYN NETS,2026
martica02,Caleb Martin,30,58,856,9.3,0.526,0.302,0.323,3.5,14.1,8.8,12.4,2.2,1.5,15.6,12.5,-0.1,0.9,0.9,0.048,-4.0,1.7,-2.2,0.0,DALLAS MAVERICKS,2026
willike04,Kenrich Williams,31,56,855,14.2,0.569,0.436,0.176,7.8,15.6,11.9,12.7,1.8,0.6,11.9,18.3,0.8,1.5,2.3,0.13,-0.1,0.3,0.2,0.5,OKLAHOMA CITY THUNDER,2026
anderky01,Kyle Anderson,32,43,853,13.7,0.573,0.054,0.337,5.4,13.8,9.6,19.4,2.5,2.8,14.4,13.2,1.0,0.8,1.9,0.105,-1.3,1.7,0.4,0.5,TOT,2026
plowdda01,Daeqwon Plowden,27,32,844,10.7,0.572,0.667,0.176,4.2,8.7,6.4,6.7,1.3,0.8,8.0,16.4,0.7,0.1,0.8,0.043,-2.1,-2.3,-4.4,-0.5,SACRAMENTO KINGS,2026
minotjo01,Josh Minott,23,49,834,16.0,0.653,0.607,0.242,6.4,14.8,10.6,7.9,2.6,2.8,13.4,16.8,1.2,1.2,2.4,0.139,1.4,1.1,2.5,1.0,TOT,2026
smallja01,Javon Small,23,41,830,16.1,0.611,0.493,0.285,4.6,12.2,8.3,26.1,1.9,1.0,14.7,19.0,1.4,0.5,1.9,0.112,1.7,-0.6,1.0,0.6,MEMPHIS GRIZZLIES,2026
kuminjo01,Jonathan Kuminga,23,36,830,14.2,0.557,0.31,0.363,6.4,20.7,13.4,14.7,1.3,1.2,14.6,23.4,0.1,0.9,1.0,0.059,-1.5,-0.5,-2.0,0.0,TOT,2026
greenja05,Jalen Green,23,32,828,14.8,0.516,0.443,0.17,2.1,13.9,7.8,18.6,2.0,0.9,11.6,31.9,-0.6,1.0,0.3,0.019,-0.2,-0.9,-1.1,0.2,PHOENIX SUNS,2026
willivi01,Vince Williams Jr.,25,40,820,10.7,0.478,0.606,0.171,5.1,15.6,10.2,27.5,1.7,1.8,18.2,19.5,-0.4,0.5,0.1,0.008,-1.5,0.5,-1.0,0.2,TOT,2026
hieldbu01,Buddy Hield,33,51,819,12.8,0.568,0.648,0.113,3.6,12.3,7.9,12.8,2.3,1.0,12.3,20.3,0.2,0.8,1.0,0.06,-0.9,-0.1,-1.0,0.2,TOT,2026
bryanca01,Carter Bryant,20,71,818,9.9,0.526,0.585,0.158,5.1,17.9,11.7,7.5,0.9,2.5,10.4,16.3,0.1,1.2,1.3,0.076,-3.1,0.2,-3.0,-0.2,SAN ANTONIO SPURS,2026
jovicni01,Nikola Jović,22,47,808,9.5,0.48,0.532,0.322,3.2,16.5,9.8,16.5,1.5,1.9,15.4,21.4,-0.9,1.0,0.0,0.001,-3.5,-0.1,-3.5,-0.3,MIAMI HEAT,2026
pickeja02,Jalen Pickett,26,50,807,10.3,0.541,0.547,0.082,2.6,12.7,7.9,18.4,0.8,0.6,12.4,14.8,0.6,0.4,1.0,0.059,-1.1,-1.1,-2.3,-0.1,DENVER NUGGETS,2026
murrake02,Keegan Murray,25,23,793,11.7,0.499,0.373,0.163,4.5,14.4,9.3,6.8,1.5,4.2,7.7,18.7,-0.2,0.4,0.2,0.011,-2.0,-1.0,-3.1,-0.2,SACRAMENTO KINGS,2026
holidaa01,Aaron Holiday,29,57,781,10.1,0.578,0.675,0.163,1.9,6.3,4.1,10.2,1.7,0.6,12.3,16.6,0.7,0.7,1.4,0.088,-2.2,-0.2,-2.4,-0.1,HOUSTON ROCKETS,2026
martity01,Tyrese Martin,26,46,777,10.3,0.501,0.596,0.101,4.8,12.9,8.6,15.6,1.6,0.7,12.1,18.4,-0.3,0.4,0.1,0.006,-2.0,-1.4,-3.4,-0.3,TOT,2026
porzikr01,Kristaps Porziņģis,30,32,769,19.6,0.582,0.412,0.407,5.6,18.5,11.9,16.1,1.1,4.5,8.2,27.3,1.4,1.0,2.4,0.148,1.6,0.3,1.9,0.8,TOT,2026
walkeja01,Jabari Walker,23,64,762,12.5,0.568,0.446,0.319,10.2,17.4,13.7,6.1,1.5,1.6,10.0,15.0,0.9,0.8,1.7,0.106,-2.1,-0.6,-2.7,-0.1,PHILADELPHIA 76ERS,2026
pendano01,Noah Penda,21,59,757,11.3,0.506,0.458,0.236,9.8,17.9,13.8,12.5,1.9,2.2,15.8,14.8,0.1,1.0,1.1,0.07,-2.0,0.6,-1.5,0.1,ORLANDO MAGIC,2026
hendesc01,Scoot Henderson,21,30,748,12.9,0.553,0.474,0.292,2.6,9.1,5.8,22.8,1.7,1.1,15.9,25.0,0.3,0.7,1.0,0.064,-1.7,-0.5,-2.2,0.0,PORTLAND TRAIL BLAZERS,2026
nancepe01,Pete Nance,25,47,737,11.6,0.639,0.613,0.057,4.2,14.9,9.6,9.2,0.9,1.9,11.6,13.5,0.8,0.4,1.1,0.072,-1.0,-1.2,-2.3,-0.1,MILWAUKEE BUCKS,2026
bryanth01,Thomas Bryant,28,60,732,17.2,0.625,0.491,0.247,8.9,21.9,15.4,6.3,1.2,3.4,8.6,18.6,1.4,0.9,2.3,0.153,0.8,-0.7,0.1,0.4,CLEVELAND CAVALIERS,2026
adamsst01,Steven Adams,32,32,730,15.8,0.535,0.0,0.583,22.3,19.6,21.0,8.3,1.5,2.5,16.7,12.1,1.1,1.0,2.1,0.141,-0.1,-0.3,-0.5,0.3,HOUSTON ROCKETS,2026
balllo01,Lonzo Ball,28,35,728,9.5,0.432,0.835,0.119,3.9,17.2,10.6,22.6,3.0,1.2,21.9,13.7,-0.4,1.0,0.6,0.042,-2.9,1.8,-1.1,0.2,CLEVELAND CAVALIERS,2026
kolekty01,Tyler Kolek,24,62,727,12.5,0.533,0.46,0.081,2.5,12.7,7.5,31.7,1.5,0.6,17.6,18.4,0.6,0.8,1.4,0.093,-0.8,0.2,-0.6,0.3,NEW YORK KNICKS,2026
millele01,Leonard Miller,22,46,719,15.9,0.633,0.378,0.202,8.1,18.6,13.4,8.2,1.1,1.8,11.2,18.7,1.0,0.6,1.6,0.105,-0.2,-1.1,-1.3,0.1,TOT,2026
willigr01,Grant Williams,27,36,711,12.9,0.609,0.732,0.295,7.4,15.0,11.3,10.6,1.2,2.3,13.0,14.1,1.1,0.8,1.9,0.131,0.6,1.0,1.6,0.7,CHARLOTTE HORNETS,2026
richani01,Nick Richards,28,48,701,11.9,0.562,0.09,0.502,11.8,25.6,18.7,3.2,0.7,4.1,19.4,18.2,-0.2,0.8,0.6,0.04,-4.9,-1.2,-6.1,-0.7,TOT,2026
coopesh01,Sharife Cooper,24,41,700,13.8,0.609,0.308,0.243,2.7,10.6,6.6,25.8,1.1,0.6,18.2,20.0,0.7,-0.1,0.6,0.041,-1.0,-2.9,-3.9,-0.3,WASHINGTON WIZARDS,2026
cartede02,Devin Carter,23,38,700,13.8,0.508,0.39,0.322,5.6,14.6,10.0,20.9,2.3,1.2,13.9,23.5,-0.2,0.4,0.2,0.012,-1.5,-1.2,-2.6,-0.1,SACRAMENTO KINGS,2026
howarje01,Jett Howard,22,55,695,11.2,0.561,0.578,0.155,3.7,10.4,7.0,9.3,0.7,1.4,5.3,17.2,0.7,0.5,1.3,0.087,-0.8,-1.1,-1.8,0.0,ORLANDO MAGIC,2026
hawkijo01,Jordan Hawkins,23,51,692,7.6,0.48,0.525,0.105,3.1,10.7,6.9,8.2,0.9,1.4,11.2,18.2,-0.6,0.2,-0.4,-0.029,-3.2,-3.0,-6.2,-0.7,NEW ORLEANS PELICANS,2026
flemira01,Rasheer Fleming,21,55,673,10.2,0.517,0.605,0.158,9.1,11.4,10.2,3.3,1.6,3.0,11.2,16.3,0.0,0.8,0.8,0.055,-3.0,-0.7,-3.8,-0.3,PHOENIX SUNS,2026
mashaja01,Jahmai Mashack,23,31,673,7.0,0.456,0.385,0.179,3.6,9.5,6.5,13.8,2.6,1.9,18.9,16.0,-1.0,0.5,-0.5,-0.036,-6.1,-0.9,-7.0,-0.8,MEMPHIS GRIZZLIES,2026
vukcetr01,Tristan Vukcevic,22,49,671,17.8,0.603,0.454,0.35,5.0,18.7,11.8,12.8,1.6,4.3,14.5,26.6,0.4,0.4,0.8,0.054,0.8,-0.8,0.0,0.3,WASHINGTON WIZARDS,2026
iveyja01,Jaden Ivey,23,37,670,13.0,0.571,0.523,0.184,4.0,10.9,7.5,14.0,1.6,2.0,12.9,19.7,0.5,0.9,1.3,0.096,-0.2,0.2,0.0,0.3,TOT,2026
manntr01,Tre Mann,24,53,669,8.3,0.462,0.512,0.089,3.4,11.9,7.8,18.7,1.9,0.7,14.6,23.3,-0.8,0.7,0.0,-0.003,-4.5,-0.8,-5.3,-0.5,CHARLOTTE HORNETS,2026
harriga01,Gary Harris,31,48,661,8.0,0.593,0.654,0.087,2.8,7.6,5.2,9.9,2.0,1.4,15.0,8.5,0.4,0.3,0.7,0.054,-3.2,0.7,-2.5,-0.1,MILWAUKEE BUCKS,2026
thompet01,Ethan Thompson,26,32,653,8.3,0.515,0.592,0.24,2.8,8.9,5.7,11.9,1.5,1.2,10.3,15.7,0.0,0.3,0.3,0.02,-4.1,-0.8,-4.9,-0.5,INDIANA PACERS,2026
bouyeja01,Jamaree Bouyea,26,46,644,13.5,0.523,0.331,0.148,3.0,11.4,7.1,18.6,2.2,2.4,10.7,18.5,0.4,0.8,1.1,0.086,-1.4,1.1,-0.4,0.3,PHOENIX SUNS,2026
furphjo01,Johnny Furphy,21,35,643,9.2,0.547,0.477,0.235,5.3,20.9,12.9,8.6,1.5,0.9,15.0,12.8,0.0,0.5,0.5,0.036,-3.9,0.2,-3.7,-0.3,INDIANA PACERS,2026
diawamo01,Mohamed Diawara,20,69,634,10.3,0.55,0.61,0.113,2.6,14.0,8.3,11.2,1.3,1.0,11.8,17.1,0.2,0.7,0.9,0.072,-1.8,0.1,-1.7,0.0,NEW YORK KNICKS,2026
nnajize01,Zeke Nnaji,25,52,626,10.3,0.558,0.358,0.291,6.2,17.6,12.2,5.9,1.3,3.6,13.7,13.7,0.2,0.7,0.9,0.066,-3.6,0.0,-3.5,-0.3,DENVER NUGGETS,2026
davisan02,Anthony Davis,32,20,626,21.5,0.551,0.111,0.243,10.6,26.7,18.7,15.1,1.7,4.5,10.0,27.5,0.4,1.0,1.3,0.103,1.5,0.9,2.4,0.7,DALLAS MAVERICKS,2026
finnedo01,Dorian Finney-Smith,32,37,620,5.8,0.452,0.758,0.068,6.3,10.2,8.3,7.1,1.3,0.9,13.9,10.7,0.0,0.6,0.5,0.042,-4.3,-0.1,-4.3,-0.4,HOUSTON ROCKETS,2026
joneska03,Kam Jones,23,37,616,8.2,0.47,0.444,0.047,2.6,8.1,5.3,26.2,1.4,0.0,17.3,14.4,-0.2,0.2,0.0,0.002,-4.2,-1.9,-6.2,-0.6,INDIANA PACERS,2026
loveke01,Kevin Love,37,37,613,14.7,0.568,0.714,0.221,9.5,28.9,18.9,14.6,1.1,1.4,12.1,16.6,0.8,0.3,1.1,0.088,1.1,-0.9,0.2,0.3,UTAH JAZZ,2026
princta02,Taurean Prince,31,26,611,10.5,0.617,0.733,0.031,0.7,14.1,7.5,10.7,1.3,1.0,13.8,16.2,0.2,0.3,0.5,0.039,-1.3,-1.8,-3.1,-0.2,MILWAUKEE BUCKS,2026
richaja02,Jase Richardson,20,54,587,11.5,0.574,0.42,0.245,4.0,8.1,6.0,14.2,1.6,0.3,10.7,16.8,0.5,0.5,1.0,0.082,-1.9,-0.7,-2.5,-0.1,ORLANDO MAGIC,2026
salauti01,Tidjane Salaün,20,37,575,12.9,0.629,0.522,0.252,5.2,23.7,14.6,6.6,1.4,1.1,12.8,14.9,0.6,0.8,1.4,0.117,-1.2,0.4,-0.8,0.2,CHARLOTTE HORNETS,2026
moranja01,Ja Morant,26,20,569,16.6,0.521,0.264,0.363,1.5,11.0,6.2,45.1,1.7,1.0,16.0,32.5,0.0,0.3,0.3,0.024,0.5,-2.0,-1.5,0.1,MEMPHIS GRIZZLIES,2026
sabondo01,Domantas Sabonis,29,19,564,19.2,0.59,0.122,0.348,12.3,31.0,21.4,21.3,1.5,0.7,16.7,23.0,0.7,0.4,1.1,0.095,0.7,-0.2,0.6,0.4,SACRAMENTO KINGS,2026
knechda01,Dalton Knecht,24,54,553,10.1,0.568,0.581,0.115,3.1,12.5,8.0,5.3,1.0,1.8,10.3,17.7,0.1,0.4,0.4,0.038,-2.1,-1.6,-3.6,-0.2,LOS ANGELES LAKERS,2026
eubandr01,Drew Eubanks,28,42,552,13.6,0.605,0.045,0.365,7.7,18.3,12.9,5.0,1.3,4.3,14.2,16.3,0.3,0.3,0.6,0.053,-3.0,-0.7,-3.7,-0.2,SACRAMENTO KINGS,2026
terryda01,Dalen Terry,23,48,551,11.6,0.523,0.426,0.194,5.1,11.6,8.3,16.0,2.5,2.4,13.4,14.8,0.2,0.6,0.7,0.063,-2.4,0.8,-1.7,0.0,TOT,2026
proctty01,Tyrese Proctor,21,50,545,12.2,0.556,0.582,0.2,2.2,10.7,6.5,18.6,2.2,0.0,14.0,22.0,0.2,0.5,0.7,0.066,-2.3,-0.5,-2.8,-0.1,CLEVELAND CAVALIERS,2026
harklej01,Elijah Harkless,25,26,545,9.1,0.471,0.547,0.398,1.9,8.7,5.3,17.6,2.7,1.1,12.1,16.2,-0.1,0.2,0.1,0.005,-4.9,-0.7,-5.6,-0.5,UTAH JAZZ,2026
shannte01,Terrence Shannon Jr.,25,43,538,11.1,0.597,0.444,0.409,2.1,7.8,5.0,9.5,1.2,0.2,10.6,17.7,0.6,0.4,1.0,0.09,-2.5,-1.1,-3.6,-0.2,MINNESOTA TIMBERWOLVES,2026
wallake01,Keaton Wallace,26,53,536,10.4,0.52,0.596,0.105,0.6,10.9,5.7,22.5,2.1,0.8,13.5,16.1,0.1,0.6,0.7,0.066,-3.0,0.3,-2.7,-0.1,ATLANTA HAWKS,2026
cissemo01,Moussa Cisse,23,38,530,16.0,0.564,0.0,0.704,17.9,25.2,21.6,2.3,1.7,7.2,16.6,14.3,0.4,0.9,1.3,0.116,-3.6,0.7,-2.9,-0.1,DALLAS MAVERICKS,2026
anthoco01,Cole Anthony,25,35,527,10.7,0.483,0.312,0.113,3.5,15.1,9.3,34.8,1.9,2.1,21.1,25.8,-0.9,0.4,-0.5,-0.042,-3.9,-0.9,-4.7,-0.4,MILWAUKEE BUCKS,2026
tatumja01,Jayson Tatum,27,16,522,20.3,0.541,0.498,0.275,1.7,31.3,16.8,25.1,2.1,0.6,10.8,30.0,0.6,1.0,1.6,0.148,2.9,1.8,4.8,0.9,BOSTON CELTICS,2026
isaacjo01,Jonathan Isaac,28,52,521,11.5,0.498,0.349,0.532,9.1,19.3,14.1,5.6,1.8,5.4,11.8,12.4,0.1,0.8,0.9,0.085,-2.9,1.3,-1.6,0.1,ORLANDO MAGIC,2026
battlja01,Jamison Battle,24,61,517,10.6,0.635,0.586,0.097,4.4,15.3,9.8,6.3,0.7,0.6,11.2,14.1,0.4,0.5,0.9,0.086,-1.6,-1.0,-2.6,-0.1,TORONTO RAPTORS,2026
newelas01,Asa Newell,20,44,500,14.2,0.624,0.444,0.172,9.4,11.5,10.4,7.2,1.5,2.7,11.2,17.1,0.6,0.6,1.2,0.113,-1.0,-0.5,-1.5,0.1,ATLANTA HAWKS,2026
hukpoar01,Ariel Hukporti,23,54,498,11.9,0.619,0.05,0.413,12.5,23.2,17.9,7.3,0.9,5.3,25.3,10.9,0.4,0.8,1.2,0.115,-3.7,1.4,-2.3,0.0,NEW YORK KNICKS,2026
jackstr02,Trayce Jackson-Davis,25,53,496,16.6,0.578,0.008,0.597,14.7,18.1,16.4,11.1,1.7,4.5,12.3,15.3,0.8,0.7,1.4,0.138,-0.8,0.4,-0.4,0.2,TOT,2026
russeda01,D'Angelo Russell,29,26,495,12.3,0.511,0.483,0.259,1.7,11.2,6.5,31.2,1.1,0.3,15.9,26.0,-0.3,0.3,0.0,-0.004,-0.7,-1.6,-2.3,0.0,DALLAS MAVERICKS,2026
peterta01,Taelon Peter,23,38,492,8.6,0.518,0.791,0.101,2.2,11.1,6.5,11.2,2.5,0.7,14.1,16.6,-0.4,0.4,0.0,-0.001,-4.1,-0.4,-4.6,-0.3,INDIANA PACERS,2026
mbengbe01,Bez Mbeng,22,15,492,10.5,0.55,0.31,0.25,3.9,8.8,6.3,16.2,3.2,1.0,16.5,11.1,0.2,0.2,0.5,0.047,-5.0,0.1,-4.9,-0.4,UTAH JAZZ,2026
coffeam01,Amir Coffey,28,46,490,10.2,0.594,0.434,0.248,4.2,8.8,6.5,7.5,0.9,1.0,6.7,11.9,0.6,0.2,0.8,0.083,-2.2,-0.9,-3.1,-0.1,TOT,2026
carlsbr01,Branden Carlson,26,42,488,17.7,0.613,0.462,0.14,6.7,20.3,13.8,8.6,0.8,5.4,7.5,18.9,0.8,1.0,1.7,0.171,0.5,0.3,0.8,0.4,OKLAHOMA CITY THUNDER,2026
cainja01,Jamal Cain,26,40,486,13.0,0.624,0.48,0.303,6.4,11.6,9.0,8.6,1.1,0.7,9.9,16.6,0.8,0.4,1.2,0.116,-0.4,-1.0,-1.4,0.1,ORLANDO MAGIC,2026
chrisca02,Cam Christie,20,55,480,9.2,0.484,0.353,0.36,4.7,13.9,9.4,8.9,1.7,0.6,12.0,16.9,-0.2,0.4,0.2,0.016,-3.5,-1.1,-4.6,-0.3,LOS ANGELES CLIPPERS,2026
thybuma01,Matisse Thybulle,28,30,480,14.5,0.6,0.694,0.187,3.8,9.6,6.7,7.7,6.0,3.0,16.2,14.7,0.2,1.0,1.3,0.126,-1.7,6.1,4.4,0.8,PORTLAND TRAIL BLAZERS,2026
sochaje01,Jeremy Sochan,22,44,469,12.2,0.563,0.349,0.202,8.7,16.0,12.4,11.2,1.8,1.4,13.0,14.6,0.5,0.7,1.2,0.12,-2.3,1.1,-1.2,0.1,TOT,2026
klebima01,Maxi Kleber,34,43,461,8.1,0.509,0.356,0.356,9.5,11.8,10.7,7.3,1.9,2.2,16.8,9.6,0.2,0.4,0.6,0.063,-4.2,0.3,-3.9,-0.2,LOS ANGELES LAKERS,2026
sassema01,Marcus Sasser,25,38,457,11.2,0.533,0.599,0.102,1.7,7.7,4.8,21.9,2.1,0.9,14.4,19.6,0.2,0.6,0.8,0.085,-1.6,-0.2,-1.7,0.0,DETROIT PISTONS,2026
johnsaj01,AJ Johnson,21,48,454,5.6,0.413,0.324,0.227,3.3,9.7,6.5,14.0,1.1,0.6,13.4,20.6,-1.0,0.1,-0.9,-0.09,-6.4,-2.5,-8.9,-0.8,TOT,2026
bogdabo01,Bogdan Bogdanović,33,23,452,8.9,0.525,0.625,0.164,1.6,13.3,7.6,15.9,1.1,0.6,14.2,18.6,-0.1,0.3,0.2,0.02,-2.3,-0.8,-3.1,-0.1,LOS ANGELES CLIPPERS,2026
bradlto01,Tony Bradley,28,41,450,12.8,0.596,0.034,0.368,14.2,13.8,14.0,6.9,0.6,1.3,11.7,14.5,0.7,0.2,0.9,0.099,-2.5,-1.7,-4.2,-0.3,TOT,2026
nancela02,Larry Nance Jr.,33,35,449,9.5,0.505,0.508,0.105,7.1,15.6,11.4,9.7,2.2,1.3,13.4,14.0,0.0,0.5,0.6,0.06,-3.9,0.5,-3.4,-0.2,CLEVELAND CAVALIERS,2026
tshieos01,Oscar Tshiebwe,26,27,448,20.2,0.633,0.0,0.338,18.1,25.2,21.6,10.6,1.7,1.1,11.2,17.2,1.1,0.3,1.3,0.141,1.0,-2.8,-1.8,0.0,UTAH JAZZ,2026
mcderdo01,Doug McDermott,34,29,439,8.6,0.574,0.885,0.065,1.7,7.9,4.7,6.8,0.7,0.8,8.3,15.1,0.2,-0.1,0.2,0.018,-1.4,-3.0,-4.4,-0.3,SACRAMENTO KINGS,2026
blackle01,Leaky Black,26,15,433,7.8,0.498,0.534,0.078,3.7,15.2,9.3,6.6,2.0,1.6,11.6,11.6,-0.1,0.1,0.0,0.004,-4.2,-1.1,-5.3,-0.4,WASHINGTON WIZARDS,2026
phillju01,Julian Phillips,22,48,428,9.3,0.534,0.537,0.19,5.8,6.4,6.1,3.1,2.4,1.4,7.7,13.9,0.1,0.3,0.5,0.051,-3.3,-0.3,-3.6,-0.2,TOT,2026
wagnemo01,Moritz Wagner,28,36,427,15.3,0.545,0.359,0.369,7.0,23.2,15.0,9.7,1.7,0.4,7.7,24.3,0.4,0.6,0.9,0.104,-1.4,-0.8,-2.2,0.0,ORLANDO MAGIC,2026
konanya01,Yanic Konan Niederhäuser,22,41,424,16.4,0.691,0.05,0.62,10.4,21.4,16.0,4.1,0.6,6.7,15.3,15.7,0.8,0.5,1.3,0.152,-2.6,0.4,-2.2,0.0,LOS ANGELES CLIPPERS,2026
toppiob01,Obi Toppin,27,24,424,19.7,0.636,0.528,0.231,3.3,24.4,13.6,21.2,1.3,0.2,11.3,24.8,0.7,0.3,1.1,0.124,3.4,-0.4,3.0,0.5,INDIANA PACERS,2026
maluakh01,Khaman Maluach,19,46,411,14.0,0.586,0.2,0.295,12.8,23.5,18.0,2.0,0.6,7.7,17.4,14.8,0.2,0.6,0.8,0.099,-3.7,0.0,-3.7,-0.2,PHOENIX SUNS,2026
gardnmy01,Myron Gardner,24,45,411,15.2,0.606,0.52,0.211,9.8,21.1,15.4,14.0,2.3,1.7,11.2,15.0,0.8,0.6,1.4,0.163,-1.1,1.9,0.9,0.3,MIAMI HEAT,2026
jacksan01,Andre Jackson Jr.,24,48,408,6.8,0.425,0.504,0.269,7.0,12.9,10.0,14.0,2.3,1.0,18.9,17.8,-0.7,0.3,-0.4,-0.047,-5.7,-1.4,-7.1,-0.5,MILWAUKEE BUCKS,2026
hayeski01,Killian Hayes,24,23,406,8.8,0.422,0.457,0.203,1.1,14.2,7.4,26.3,2.5,0.9,15.7,18.7,-0.5,0.2,-0.3,-0.031,-5.1,-0.9,-6.0,-0.4,SACRAMENTO KINGS,2026
tateja01,Jae'Sean Tate,30,46,405,10.7,0.567,0.294,0.101,9.2,10.8,10.0,8.3,1.2,0.7,12.3,13.5,0.4,0.4,0.8,0.095,-3.2,-0.7,-3.9,-0.2,HOUSTON ROCKETS,2026
reeseju01,Julian Reese,22,13,402,14.4,0.557,0.0,0.37,14.4,22.3,18.3,8.4,2.1,1.7,18.8,17.7,0.1,0.3,0.3,0.041,-2.9,-2.2,-5.1,-0.3,WASHINGTON WIZARDS,2026
murrade01,Dejounte Murray,29,14,389,18.1,0.58,0.341,0.247,1.1,19.9,10.4,35.4,2.8,0.7,18.9,26.6,0.2,0.4,0.6,0.072,0.8,0.5,1.4,0.3,NEW ORLEANS PELICANS,2026
youngtr01,Trae Young,27,15,384,21.1,0.612,0.452,0.548,1.1,7.4,4.2,45.8,1.6,0.5,15.1,28.1,1.2,0.2,1.4,0.174,4.2,-1.4,2.8,0.5,TOT,2026
etienty01,Tyson Etienne,26,24,380,11.9,0.588,0.745,0.248,1.4,7.1,4.1,16.9,1.4,0.0,9.0,20.3,0.4,0.1,0.5,0.069,-0.8,-2.0,-2.8,-0.1,BROOKLYN NETS,2026
jamesbr02,Bronny James,21,42,375,9.0,0.517,0.496,0.061,1.6,5.4,3.6,18.1,2.5,1.0,17.5,16.7,-0.2,0.3,0.1,0.018,-3.4,-0.9,-4.3,-0.2,LOS ANGELES LAKERS,2026
smithni01,Nick Smith Jr.,21,30,375,10.2,0.552,0.534,0.093,1.0,6.0,3.6,12.0,1.2,0.5,11.1,22.0,-0.1,0.2,0.1,0.013,-2.1,-2.6,-4.7,-0.3,LOS ANGELES LAKERS,2026
payneca01,Cameron Payne,31,22,374,14.4,0.514,0.651,0.148,0.9,12.1,6.4,21.8,3.1,1.8,6.5,19.2,0.4,0.5,0.8,0.106,-0.7,1.0,0.3,0.2,PHILADELPHIA 76ERS,2026
mcneeli01,Liam McNeeley,20,31,368,10.6,0.588,0.632,0.411,4.1,18.1,11.2,8.7,0.7,0.8,10.4,14.4,0.5,0.4,0.9,0.112,-1.3,0.0,-1.3,0.1,CHARLOTTE HORNETS,2026
weslebl01,Blake Wesley,22,31,361,10.8,0.511,0.29,0.379,2.4,9.4,5.9,24.8,2.1,1.2,17.6,19.8,-0.1,0.4,0.3,0.038,-3.7,0.1,-3.6,-0.1,PORTLAND TRAIL BLAZERS,2026
robinje02,Jeremiah Robinson-Earl,25,22,361,9.3,0.468,0.41,0.18,10.6,20.4,15.5,5.6,1.2,0.2,10.0,14.1,0.0,0.3,0.2,0.03,-3.5,-1.7,-5.2,-0.3,TOT,2026
olynyke01,Kelly Olynyk,34,42,360,13.5,0.59,0.49,0.396,7.4,15.1,11.3,17.6,2.0,0.7,17.6,16.0,0.4,0.6,1.0,0.13,-1.3,1.3,-0.1,0.2,SAN ANTONIO SPURS,2026
smithma02,Malachi Smith,26,15,359,13.7,0.605,0.465,0.081,3.7,13.4,8.3,21.2,1.7,1.0,12.0,14.2,0.5,0.2,0.7,0.094,-0.1,-0.8,-0.8,0.1,BROOKLYN NETS,2026
kolokch01,Christian Koloko,25,27,357,8.8,0.453,0.122,0.203,9.3,15.4,12.3,6.4,1.9,5.9,16.6,11.3,-0.2,0.4,0.3,0.038,-5.9,1.2,-4.7,-0.2,TOT,2026
chandke01,Kennedy Chandler,23,11,355,13.0,0.529,0.277,0.314,1.8,9.7,5.6,29.4,1.5,0.5,12.9,20.7,0.2,0.0,0.2,0.029,-2.5,-3.1,-5.7,-0.3,UTAH JAZZ,2026
whitmca01,Cam Whitmore,21,21,354,13.7,0.528,0.331,0.183,5.7,12.0,8.8,6.5,2.0,2.0,9.0,23.7,-0.1,0.1,0.0,-0.002,-1.1,-2.1,-3.3,-0.1,WASHINGTON WIZARDS,2026
liddeej01,E.J. Liddell,25,26,349,12.6,0.6,0.468,0.234,4.4,19.4,11.5,11.0,0.9,2.7,10.9,17.2,0.3,0.2,0.5,0.074,-2.2,-1.2,-3.3,-0.1,BROOKLYN NETS,2026
barnhbr01,Brooks Barnhizer,23,40,348,7.9,0.451,0.338,0.141,6.2,17.7,12.2,7.8,1.5,1.4,11.7,10.6,-0.1,0.6,0.6,0.082,-4.1,1.0,-3.1,-0.1,OKLAHOMA CITY THUNDER,2026
johnsch06,Chaney Johnson,23,17,348,16.0,0.635,0.319,0.372,10.4,16.3,13.2,16.4,2.1,2.4,15.5,16.2,0.6,0.3,0.9,0.128,-0.3,0.4,0.1,0.2,BROOKLYN NETS,2026
liveris01,Isaiah Livers,27,36,347,7.6,0.469,0.625,0.188,5.9,13.9,9.8,7.7,1.9,2.2,14.8,9.9,0.0,0.4,0.4,0.057,-3.7,1.2,-2.5,0.0,PHOENIX SUNS,2026
olbrila01,Lachlan Olbrich,22,37,344,12.0,0.47,0.247,0.519,14.1,20.4,17.3,15.8,1.6,2.0,14.5,13.4,0.2,0.3,0.5,0.075,-3.3,-0.2,-3.4,-0.1,CHICAGO BULLS,2026
jeromty01,Ty Jerome,28,15,339,25.6,0.616,0.465,0.26,3.5,10.1,6.7,44.9,2.2,1.1,10.1,32.7,1.1,0.2,1.3,0.191,8.2,-0.6,7.7,0.8,MEMPHIS GRIZZLIES,2026
harpero02,Ron Harper Jr.,25,29,318,13.1,0.55,0.727,0.036,5.3,11.2,8.3,9.5,1.6,2.9,6.7,16.4,0.4,0.4,0.8,0.119,0.2,0.9,1.1,0.3,BOSTON CELTICS,2026
berinjo01,Joan Beringer,19,40,314,21.3,0.683,0.0,0.378,16.1,16.1,16.1,5.6,1.1,7.2,8.8,16.8,1.0,0.5,1.5,0.222,0.2,0.2,0.4,0.2,MINNESOTA TIMBERWOLVES,2026
slawsja01,Jalen Slawson,26,13,311,12.6,0.562,0.519,0.221,2.4,17.9,10.0,15.7,3.1,3.8,16.8,13.9,0.0,0.4,0.5,0.07,-2.2,1.8,-0.4,0.1,INDIANA PACERS,2026
looneke01,Kevon Looney,29,21,308,13.6,0.458,0.217,0.167,16.6,24.8,20.6,14.0,1.4,3.1,12.3,9.9,0.4,0.3,0.7,0.109,-1.2,-0.6,-1.8,0.0,NEW ORLEANS PELICANS,2026
burtoty01,Tyler Burton,25,12,307,9.5,0.521,0.589,0.241,2.8,15.1,8.8,5.4,1.7,1.2,8.2,18.3,-0.1,0.2,0.1,0.023,-3.4,-1.9,-5.3,-0.3,MEMPHIS GRIZZLIES,2026
yangha01,Yang Hansen,20,43,300,3.7,0.413,0.42,0.34,7.1,16.8,11.9,9.8,0.5,3.0,21.8,19.9,-0.8,0.3,-0.5,-0.075,-8.9,-0.6,-9.5,-0.6,PORTLAND TRAIL BLAZERS,2026
connapa01,Pat Connaughton,33,42,297,12.9,0.586,0.612,0.235,5.8,17.2,11.6,8.4,1.8,0.3,10.5,14.9,0.3,0.4,0.7,0.113,-0.2,0.3,0.1,0.2,CHARLOTTE HORNETS,2026
cryerlj01,LJ Cryer,24,18,292,9.9,0.59,0.803,0.162,1.5,9.3,5.3,9.0,0.5,0.0,10.0,20.3,0.2,0.1,0.3,0.045,-1.8,-2.9,-4.7,-0.2,GOLDEN STATE WARRIORS,2026
strusma01,Max Strus,29,12,288,12.8,0.609,0.774,0.085,3.5,21.3,12.4,11.3,0.5,0.0,7.6,17.4,0.4,0.2,0.7,0.116,0.1,-1.3,-1.2,0.1,CLEVELAND CAVALIERS,2026
waterli01,Lindy Waters III,28,40,285,7.5,0.532,0.898,0.034,1.2,9.5,5.5,8.5,1.0,0.3,7.3,14.2,0.1,0.3,0.4,0.063,-2.9,-0.3,-3.2,-0.1,SAN ANTONIO SPURS,2026
hinsobl01,Blake Hinson,26,14,285,16.5,0.684,0.687,0.139,4.1,8.6,6.3,8.3,0.8,0.7,3.9,18.3,0.7,0.0,0.7,0.112,2.5,-3.0,-0.6,0.1,UTAH JAZZ,2026
edeyza01,Zach Edey,23,11,284,20.7,0.669,0.051,0.327,16.1,30.6,23.3,6.6,1.2,6.8,18.8,20.2,0.4,0.4,0.8,0.134,-0.6,1.1,0.5,0.2,MEMPHIS GRIZZLIES,2026
mclaujo01,Jordan McLaughlin,29,44,282,12.0,0.542,0.506,0.089,2.7,9.3,6.1,17.2,3.4,0.6,15.5,14.5,0.1,0.5,0.6,0.1,-1.9,2.5,0.6,0.2,SAN ANTONIO SPURS,2026
johnske10,Keshad Johnson,24,32,280,15.2,0.582,0.423,0.279,9.6,13.4,11.5,3.9,2.5,2.5,10.0,18.9,0.3,0.4,0.6,0.11,-1.3,0.0,-1.3,0.1,MIAMI HEAT,2026
leonsma01,Malevy Leons,26,25,276,12.2,0.516,0.222,0.264,11.9,9.5,10.7,11.4,2.5,3.0,13.9,14.4,0.2,0.3,0.5,0.087,-3.0,0.2,-2.8,-0.1,GOLDEN STATE WARRIORS,2026
branhma01,Malaki Branham,22,28,275,14.0,0.604,0.407,0.374,4.6,12.7,8.6,11.8,1.7,1.0,12.4,18.4,0.3,0.0,0.4,0.064,-0.8,-1.5,-2.2,0.0,WASHINGTON WIZARDS,2026
ryanco01,Cormac Ryan,27,11,271,16.9,0.692,0.578,0.255,3.4,8.3,5.8,10.8,2.0,1.1,13.0,21.3,0.5,0.1,0.6,0.114,1.0,-1.8,-0.8,0.1,MILWAUKEE BUCKS,2026
laniech01,Chaz Lanier,24,34,262,6.6,0.436,0.753,0.067,3.5,6.3,4.9,8.2,1.3,0.0,3.2,15.0,0.0,0.3,0.3,0.046,-3.8,-1.3,-5.1,-0.2,DETROIT PISTONS,2026
reathdu01,Duop Reath,29,32,258,10.6,0.613,0.743,0.081,4.1,11.9,8.0,5.4,0.9,2.8,8.4,13.2,0.3,0.2,0.6,0.103,-0.9,0.0,-0.9,0.1,PORTLAND TRAIL BLAZERS,2026
simpskj01,KJ Simpson,23,20,257,8.1,0.426,0.404,0.182,4.1,12.0,8.1,23.0,3.1,0.0,19.0,21.8,-0.5,0.3,-0.1,-0.023,-5.4,0.4,-5.1,-0.2,TOT,2026
poulajo01,John Poulakidas,22,13,253,12.0,0.611,0.846,0.077,1.7,10.8,6.3,6.1,1.3,1.3,4.1,16.2,0.3,0.2,0.5,0.095,-1.0,-1.2,-2.2,0.0,DALLAS MAVERICKS,2026
mogbojo01,Jonathan Mogbo,24,40,249,12.8,0.608,0.023,0.318,8.6,22.5,15.5,12.9,2.2,3.1,21.8,11.1,0.2,0.4,0.6,0.12,-2.6,1.9,-0.7,0.1,TORONTO RAPTORS,2026
balad01,Adama-Alpha Bal,22,8,241,9.6,0.573,0.647,0.147,2.6,8.7,5.6,10.6,1.8,0.4,7.7,13.5,0.2,0.1,0.3,0.065,-3.6,-1.8,-5.4,-0.2,MEMPHIS GRIZZLIES,2026
willije02,Nate Williams,26,14,239,11.3,0.592,0.341,0.17,9.2,4.8,7.0,8.8,1.0,0.0,13.7,19.5,0.2,0.1,0.3,0.052,-2.1,-2.9,-5.0,-0.2,GOLDEN STATE WARRIORS,2026
timmedr01,Drew Timme,25,27,235,12.6,0.658,0.379,0.136,5.2,11.1,8.2,13.7,1.2,0.0,15.7,15.4,0.3,0.1,0.4,0.092,-0.8,-1.4,-2.2,0.0,LOS ANGELES LAKERS,2026
jarrede01,DeJon Jarreau,28,11,231,9.7,0.473,0.361,0.277,5.5,18.6,12.0,21.8,2.1,3.2,21.8,21.4,-0.4,0.2,-0.2,-0.035,-4.9,-0.3,-5.2,-0.2,MEMPHIS GRIZZLIES,2026
paulch01,Chris Paul,40,16,228,8.1,0.413,0.536,0.036,3.1,10.9,7.1,30.6,2.4,0.0,22.0,14.2,-0.1,0.2,0.1,0.017,-4.0,-0.2,-4.2,-0.1,LOS ANGELES CLIPPERS,2026
lawsoaj01,A.J. Lawson,25,24,226,13.4,0.588,0.577,0.231,4.5,17.2,10.8,4.2,2.6,1.7,6.5,17.5,0.2,0.4,0.6,0.121,-1.3,0.4,-1.0,0.1,TORONTO RAPTORS,2026
willilu01,Lucas Williamson,27,7,224,8.0,0.465,0.707,0.107,5.2,13.3,9.2,10.8,2.3,0.4,11.3,16.4,-0.1,0.2,0.0,0.005,-5.4,-2.1,-7.6,-0.3,MEMPHIS GRIZZLIES,2026
davisjd01,JD Davison,23,28,218,11.4,0.477,0.5,0.297,1.5,15.5,8.6,20.7,1.4,2.5,8.8,15.3,0.2,0.3,0.5,0.102,-2.4,1.3,-1.1,0.0,HOUSTON ROCKETS,2026
okanito01,Toby Okani,24,6,217,4.1,0.408,0.443,0.114,4.4,6.1,5.2,3.7,0.9,1.3,3.9,14.7,-0.3,0.0,-0.2,-0.052,-6.8,-3.9,-10.7,-0.5,MEMPHIS GRIZZLIES,2026
hallpj01,PJ Hall,23,19,214,15.9,0.599,0.085,0.492,17.6,21.7,19.7,6.6,0.7,4.3,18.2,17.3,0.3,0.3,0.6,0.125,-1.6,-0.7,-2.3,0.0,TOT,2026
pippesc02,Scotty Pippen Jr.,25,10,212,14.7,0.537,0.333,0.24,4.0,7.3,5.6,33.8,4.2,1.7,20.3,26.1,-0.1,0.2,0.1,0.025,-2.5,-0.3,-2.8,0.0,MEMPHIS GRIZZLIES,2026
holmeda01,DaRon Holmes,23,25,210,13.4,0.692,0.738,0.23,4.5,13.8,9.3,10.2,0.2,2.7,15.2,16.4,0.3,0.1,0.4,0.103,0.7,-1.2,-0.5,0.1,DENVER NUGGETS,2026
kawamyu01,Yuki Kawamura,24,18,209,11.4,0.514,0.712,0.365,3.6,13.0,8.4,28.2,2.0,0.0,18.8,14.8,0.2,0.1,0.3,0.069,-2.7,-1.0,-3.7,-0.1,CHICAGO BULLS,2026
dennira01,RayJ Dennis,24,17,206,6.2,0.425,0.542,0.108,4.1,9.7,6.9,21.9,0.9,1.7,16.4,21.4,-0.4,0.1,-0.3,-0.072,-4.7,-1.3,-6.0,-0.2,TOT,2026
jordade01,DeAndre Jordan,37,12,199,15.7,0.671,0.0,0.531,13.9,27.4,20.6,7.2,1.0,4.7,18.6,10.1,0.3,0.2,0.6,0.134,-0.4,0.2,-0.2,0.1,NEW ORLEANS PELICANS,2026
mathega01,Garrison Mathews,29,15,196,11.2,0.628,0.885,0.442,1.1,8.5,4.7,6.9,1.5,1.3,4.6,14.1,0.3,0.1,0.4,0.097,-1.3,0.0,-1.3,0.0,INDIANA PACERS,2026
beaucma01,MarJon Beauchamp,25,14,196,13.4,0.563,0.618,0.25,3.8,14.1,8.9,11.1,2.2,1.9,13.4,21.0,0.0,0.2,0.2,0.06,-0.6,-1.0,-1.6,0.0,PHILADELPHIA 76ERS,2026
hayesni01,Nigel Hayes-Davis,31,27,195,4.2,0.356,0.348,0.087,6.6,12.4,9.4,4.6,2.0,1.0,14.3,12.1,-0.3,0.2,-0.1,-0.023,-6.4,-0.8,-7.3,-0.3,PHOENIX SUNS,2026
youngch01,Chris Youngblood,23,34,185,10.4,0.527,0.857,0.159,4.3,11.8,8.2,8.5,1.0,1.6,2.9,16.2,0.2,0.3,0.5,0.117,-2.2,-0.1,-2.3,0.0,TOT,2026
colliza01,Zach Collins,28,10,184,17.9,0.666,0.328,0.313,9.4,22.8,16.2,12.0,0.5,1.9,12.1,18.8,0.4,0.1,0.5,0.137,1.0,-0.7,0.2,0.1,CHICAGO BULLS,2026
whiteda01,Dariq Whitehead,21,6,183,8.7,0.51,0.645,0.075,1.2,13.2,7.1,7.5,1.0,0.0,9.4,24.1,-0.2,0.1,-0.2,-0.047,-3.6,-4.4,-8.0,-0.3,MEMPHIS GRIZZLIES,2026
tillmxa01,Xavier Tillman Sr.,27,30,183,11.0,0.461,0.391,0.087,11.8,14.3,13.1,9.3,2.5,2.6,14.3,13.1,0.0,0.3,0.3,0.077,-2.8,1.0,-1.8,0.0,TOT,2026
scotttr01,Tre Scott,29,6,182,9.4,0.456,0.38,0.12,6.1,14.2,9.9,8.2,2.2,2.6,7.1,13.6,-0.1,0.1,0.1,0.025,-4.2,-1.1,-5.3,-0.2,BROOKLYN NETS,2026
greenje02,Jeff Green,39,30,175,8.5,0.477,0.647,0.074,4.5,11.2,7.9,6.2,0.6,1.1,5.4,17.8,0.1,0.1,0.2,0.054,-3.4,-2.2,-5.6,-0.2,HOUSTON ROCKETS,2026
plumlma01,Mason Plumlee,35,20,172,13.0,0.769,0.0,1.0,11.2,23.0,17.2,14.7,2.8,0.0,37.3,7.9,0.2,0.3,0.5,0.146,-2.0,2.6,0.5,0.1,TOT,2026
garcian01,Andersson Garcia,25,5,169,8.3,0.394,0.448,0.31,10.6,16.4,13.4,10.0,2.2,2.3,17.5,9.7,0.0,0.1,0.1,0.014,-5.2,-0.5,-5.7,-0.2,UTAH JAZZ,2026
smithty02,Tyler Smith,21,12,166,9.6,0.532,0.7,0.12,7.7,13.3,10.5,4.1,1.7,0.0,10.2,14.8,0.0,0.1,0.1,0.043,-3.3,-1.6,-4.8,-0.1,DALLAS MAVERICKS,2026
tysonhu01,Hunter Tyson,25,21,162,6.4,0.398,0.635,0.25,2.9,21.1,12.4,13.0,0.6,0.6,8.0,16.8,-0.2,0.1,0.0,-0.013,-5.2,-1.6,-6.8,-0.2,DENVER NUGGETS,2026
topicni01,Nikola Topić,20,10,160,8.1,0.489,0.294,0.098,4.9,7.8,6.4,36.5,1.5,0.0,32.0,21.2,-0.3,0.2,0.0,-0.014,-5.3,-3.2,-8.4,-0.3,OKLAHOMA CITY THUNDER,2026
mcculke01,Kevin McCullar Jr.,24,21,155,9.9,0.508,0.511,0.106,7.9,12.3,10.1,17.0,2.9,0.0,19.6,16.9,0.0,0.2,0.2,0.059,-3.7,1.0,-2.8,0.0,NEW YORK KNICKS,2026
kesslwa01,Walker Kessler,24,5,154,20.6,0.786,0.216,0.541,15.7,22.3,18.9,13.7,2.1,5.6,25.9,16.5,0.3,0.1,0.5,0.148,1.6,1.7,3.3,0.2,UTAH JAZZ,2026
inglejo01,Joe Ingles,38,27,153,13.0,0.735,0.593,0.074,0.0,13.4,6.8,28.5,2.8,1.1,33.4,11.5,0.2,0.2,0.4,0.12,-1.2,1.4,0.2,0.1,MINNESOTA TIMBERWOLVES,2026
bassech01,Charles Bassey,25,13,153,22.7,0.681,0.0,0.426,16.4,25.0,20.6,6.8,1.3,6.7,9.7,17.2,0.4,0.2,0.7,0.211,1.4,0.5,1.9,0.2,TOT,2026
thierad01,Adou Thiero,21,25,149,10.7,0.578,0.097,0.71,7.3,14.4,11.0,8.7,2.3,1.2,18.1,14.6,0.1,0.2,0.2,0.071,-4.2,-0.2,-4.4,-0.1,LOS ANGELES LAKERS,2026
antetth01,Thanasis Antetokounmpo,33,34,148,14.0,0.52,0.125,0.938,9.2,13.7,11.5,13.6,4.3,4.0,18.1,16.5,0.0,0.2,0.2,0.076,-3.5,1.8,-1.7,0.0,MILWAUKEE BUCKS,2026
martial01,Alijah Martin,24,23,146,9.2,0.437,0.42,0.38,6.9,9.4,8.2,10.6,2.7,2.6,12.1,19.5,-0.2,0.2,0.0,0.015,-4.6,0.2,-4.3,-0.1,TORONTO RAPTORS,2026
william01,Amari Williams,24,22,146,9.7,0.573,0.0,0.7,6.9,22.8,15.1,8.5,1.0,6.9,29.6,11.1,0.0,0.3,0.2,0.077,-5.0,2.9,-2.1,0.0,BOSTON CELTICS,2026
biyombi01,Bismack Biyombo,33,25,141,4.5,0.636,0.0,0.467,3.9,15.6,9.9,4.2,1.4,1.3,30.7,7.8,0.0,0.2,0.2,0.057,-7.2,1.4,-5.8,-0.1,SAN ANTONIO SPURS,2026
smithto05,Tolu Smith,25,15,137,16.9,0.569,0.0,0.833,18.3,21.8,20.1,12.4,0.7,4.4,12.5,17.1,0.3,0.2,0.5,0.185,-0.9,0.9,0.0,0.1,DETROIT PISTONS,2026
dadiepa01,Pacôme Dadiet,20,29,136,9.6,0.454,0.667,0.229,3.3,19.0,11.1,11.5,1.1,0.8,5.4,17.6,0.0,0.2,0.2,0.062,-3.0,-0.2,-3.3,0.0,NEW YORK KNICKS,2026
mccluma01,Mac McClung,27,11,135,10.4,0.501,0.508,0.305,1.6,6.4,4.0,10.4,3.8,1.9,11.9,23.6,-0.2,0.1,0.0,-0.007,-5.6,0.5,-5.1,-0.1,TOT,2026
kellymi02,Miles Kelly,23,14,134,8.2,0.484,0.75,0.023,4.0,14.9,9.5,12.0,1.4,0.6,11.9,15.8,-0.1,0.1,0.0,0.013,-4.6,-0.5,-5.1,-0.1,DALLAS MAVERICKS,2026
curryse01,Seth Curry,35,10,133,16.0,0.654,0.51,0.245,3.3,6.8,5.0,11.3,1.1,0.0,3.6,18.0,0.4,0.1,0.4,0.152,1.6,-1.3,0.2,0.1,GOLDEN STATE WARRIORS,2026
bealbr01,Bradley Beal,32,6,121,5.1,0.476,0.396,0.167,2.0,2.8,2.4,12.0,1.2,0.0,14.9,22.2,-0.2,0.0,-0.2,-0.07,-6.7,-3.9,-10.6,-0.3,LOS ANGELES CLIPPERS,2026
bufkiko01,Kobe Bufkin,22,16,119,6.2,0.416,0.52,0.24,1.0,11.4,6.4,11.2,0.8,2.3,8.3,22.1,-0.2,0.1,-0.1,-0.056,-6.2,-3.2,-9.4,-0.2,LOS ANGELES LAKERS,2026
lowryky01,Kyle Lowry,39,14,118,1.4,0.308,1.0,0.24,0.0,8.4,4.2,11.3,0.8,1.6,12.6,11.3,-0.2,0.1,-0.2,-0.062,-8.2,-2.2,-10.4,-0.3,PHILADELPHIA 76ERS,2026
livelde01,Dereck Lively II,21,7,115,15.0,0.67,0.0,0.556,13.0,21.0,17.0,14.7,1.6,8.1,30.9,11.8,0.1,0.2,0.3,0.127,-3.0,3.6,0.6,0.1,DALLAS MAVERICKS,2026
alexatr01,Trey Alexander,22,9,111,13.2,0.599,0.324,0.135,1.0,9.8,5.3,11.6,2.6,1.7,7.1,15.8,0.1,0.1,0.2,0.09,-1.5,-0.1,-1.6,0.0,NEW ORLEANS PELICANS,2026
yurtsom01,Omer Yurtseven,27,9,104,9.1,0.501,0.154,0.692,13.7,18.6,16.1,10.4,0.9,0.9,21.0,17.5,0.0,0.1,0.1,0.024,-5.6,-2.0,-7.6,-0.1,GOLDEN STATE WARRIORS,2026
travelu01,Luke Travers,24,12,103,10.2,0.35,0.444,0.25,9.7,16.0,12.8,10.8,3.3,3.7,7.0,17.5,-0.1,0.2,0.1,0.024,-4.2,1.0,-3.2,0.0,CLEVELAND CAVALIERS,2026
baldwpa01,Patrick Baldwin Jr.,23,9,102,11.8,0.549,0.519,0.259,12.8,12.3,12.6,6.4,1.4,4.5,14.3,14.7,0.0,0.1,0.1,0.05,-2.9,-1.5,-4.4,-0.1,TOT,2026
willial06,Alondes Williams,26,4,101,19.1,0.745,0.538,0.308,5.2,21.7,13.3,16.8,1.4,2.6,14.5,14.3,0.3,0.0,0.3,0.155,1.5,-0.5,1.1,0.1,WASHINGTON WIZARDS,2026
gibsota01,Taj Gibson,40,10,97,13.6,0.576,0.231,0.308,12.1,18.2,15.1,8.4,1.0,0.9,3.3,13.1,0.2,0.1,0.3,0.134,-1.4,-2.1,-3.5,0.0,MEMPHIS GRIZZLIES,2026
cookeja01,Javonte Cooke,26,19,94,-0.1,0.275,0.561,0.049,4.5,17.5,11.0,9.9,3.0,0.0,17.7,22.0,-0.5,0.1,-0.3,-0.175,-10.5,-1.1,-11.7,-0.2,PORTLAND TRAIL BLAZERS,2026
bouchch01,Chris Boucher,33,9,94,7.7,0.392,0.6,0.16,2.4,18.3,10.5,4.0,2.7,7.5,3.6,12.8,-0.1,0.2,0.1,0.064,-5.9,2.7,-3.1,0.0,BOSTON CELTICS,2026
crawfis01,Isaiah Crawford,24,14,92,9.8,0.526,0.542,0.25,3.7,15.4,9.6,7.0,1.1,3.0,13.1,14.0,0.0,0.1,0.1,0.069,-3.0,0.1,-3.0,0.0,HOUSTON ROCKETS,2026
highsha01,Haywood Highsmith,29,7,91,17.6,0.729,0.609,0.304,7.1,8.8,7.9,10.7,2.2,0.0,0.0,12.2,0.4,0.1,0.5,0.238,2.7,1.2,3.8,0.1,PHOENIX SUNS,2026
juzanjo01,Johnny Juzang,24,21,88,12.1,0.518,0.632,0.211,6.4,14.7,10.6,9.7,1.1,1.0,10.7,22.3,0.0,0.1,0.1,0.038,-1.6,-1.7,-3.3,0.0,MINNESOTA TIMBERWOLVES,2026
washity02,TyTy Washington Jr.,24,16,88,13.4,0.553,0.421,0.0,1.4,6.4,4.0,26.2,3.4,3.2,13.6,11.1,0.1,0.1,0.2,0.121,-0.8,2.6,1.9,0.1,LOS ANGELES CLIPPERS,2026
jonescu01,Curtis Jones,24,10,88,10.8,0.52,0.667,0.074,2.7,10.9,7.0,14.7,2.2,0.0,6.7,14.7,0.1,0.1,0.1,0.072,-3.0,-0.5,-3.5,0.0,DENVER NUGGETS,2026
enarutr01,Tristan Enaruna,24,9,85,16.2,0.587,0.357,0.286,9.1,9.0,9.1,11.2,2.8,0.0,8.7,17.1,0.2,0.1,0.2,0.137,-0.5,-0.4,-1.0,0.0,CLEVELAND CAVALIERS,2026
breako01,Koby Brea,23,12,84,13.6,0.61,0.833,0.056,1.3,9.6,5.3,17.7,0.6,0.0,9.8,20.7,0.2,0.1,0.2,0.117,1.7,-1.4,0.2,0.0,PHOENIX SUNS,2026
jemistr01,Trey Jemison,26,13,82,4.3,0.623,0.0,0.1,10.9,13.7,12.3,7.5,0.6,2.5,48.9,10.7,-0.1,0.1,0.0,-0.018,-8.3,-0.3,-8.6,-0.1,NEW YORK KNICKS,2026
odurojo01,Josh Oduro,25,3,82,11.8,0.636,0.118,0.353,14.3,15.9,15.1,6.6,0.0,0.0,9.2,11.0,0.2,0.0,0.2,0.109,-3.5,-4.3,-7.7,-0.1,NEW ORLEANS PELICANS,2026
houstca01,Caleb Houstan,23,18,75,16.4,0.769,0.808,0.115,7.1,8.8,8.0,7.4,1.3,1.2,12.8,17.4,0.2,0.1,0.2,0.16,1.6,-1.2,0.3,0.0,ATLANTA HAWKS,2026
gordoer01,Eric Gordon,37,6,74,14.4,0.754,0.667,0.095,1.5,1.5,1.5,5.8,2.6,1.3,12.1,14.2,0.1,0.1,0.2,0.116,2.1,0.3,2.4,0.1,PHILADELPHIA 76ERS,2026
gilbeke01,Keshon Gilbert,22,4,74,8.5,0.564,0.25,0.583,2.9,4.4,3.6,21.0,1.9,4.8,34.7,13.0,0.0,0.0,0.0,-0.005,-4.1,-0.4,-4.6,0.0,TOT,2026
templga01,Garrett Temple,39,22,73,5.7,0.448,0.8,0.6,1.5,12.5,7.0,14.9,2.7,2.6,27.0,15.3,-0.1,0.1,0.0,-0.022,-5.9,1.0,-4.9,-0.1,TORONTO RAPTORS,2026
roddyda01,David Roddy,24,5,73,20.4,0.605,0.367,0.233,12.9,17.6,15.3,7.9,2.7,1.3,5.7,20.9,0.2,0.1,0.3,0.185,0.7,-0.7,0.0,0.0,DENVER NUGGETS,2026
klintbo01,Bobi Klintman,22,12,71,4.5,0.388,0.481,0.111,8.0,21.8,15.0,10.9,2.0,0.0,17.5,20.1,-0.2,0.1,-0.1,-0.043,-7.7,-1.0,-8.7,-0.1,DETROIT PISTONS,2026
jonesda06,David Jones García,24,11,68,20.9,0.579,0.2,0.24,6.5,13.8,10.3,37.2,4.2,1.3,15.3,20.2,0.1,0.1,0.3,0.205,2.6,3.8,6.4,0.1,SAN ANTONIO SPURS,2026
reevean01,Antonio Reeves,25,10,68,12.4,0.675,0.65,0.0,3.4,9.8,6.6,6.3,0.7,0.0,4.8,13.1,0.1,0.0,0.2,0.13,1.2,0.1,1.3,0.1,CHARLOTTE HORNETS,2026
richmka01,Kadary Richmond,24,3,67,20.0,0.722,0.25,0.188,1.6,14.7,8.0,16.6,5.7,1.3,10.4,12.0,0.2,0.1,0.2,0.175,-0.8,4.4,3.6,0.1,WASHINGTON WIZARDS,2026
morrimo01,Monte Morris,30,6,65,6.9,0.414,0.4,0.2,1.6,10.3,5.9,18.7,0.7,1.3,8.4,15.5,-0.1,0.0,0.0,-0.028,-4.5,-1.4,-5.9,-0.1,INDIANA PACERS,2026
peterdr01,Drew Peterson,26,6,64,0.6,0.148,0.75,0.125,5.4,10.4,7.9,3.8,2.3,1.4,0.0,11.2,-0.2,0.1,-0.1,-0.077,-8.3,-1.5,-9.8,-0.1,CHARLOTTE HORNETS,2026
sandfpa01,Payton Sandfort,23,4,63,13.1,0.63,0.654,0.154,1.8,14.9,8.6,0.0,0.8,0.0,3.5,19.8,0.1,0.1,0.2,0.125,-2.5,-3.3,-5.8,-0.1,OKLAHOMA CITY THUNDER,2026
bantoda01,Dalano Banton,26,6,62,7.0,0.436,0.083,0.333,3.7,5.2,4.5,22.9,1.6,8.1,36.8,15.3,-0.1,0.1,-0.1,-0.044,-5.3,1.3,-4.0,0.0,TOT,2026
moorewe01,Wendell Moore Jr.,24,6,60,8.9,0.635,0.143,0.286,1.9,9.2,5.6,8.0,1.6,3.3,11.3,6.2,0.1,0.1,0.1,0.116,-3.0,1.8,-1.3,0.0,DETROIT PISTONS,2026
jeffrda01,DaQuan Jeffries,28,3,60,16.3,0.731,0.474,0.263,5.4,3.8,4.7,2.5,1.6,0.0,0.0,15.0,0.2,0.0,0.2,0.165,0.9,-1.1,-0.2,0.0,SACRAMENTO KINGS,2026
youngja05,Jahmir Young,25,14,58,8.5,0.483,0.36,0.08,3.6,3.6,3.6,21.1,0.8,0.0,10.4,20.3,0.0,0.0,0.0,0.016,-4.8,-1.9,-6.7,-0.1,MIAMI HEAT,2026
wisemja01,James Wiseman,24,4,58,4.1,0.597,0.0,0.2,9.2,5.8,7.5,7.0,0.0,1.5,31.5,11.6,0.0,0.0,0.0,-0.028,-8.0,-1.0,-9.0,-0.1,INDIANA PACERS,2026
minixri01,Riley Minix,25,9,58,19.1,0.72,0.522,0.13,3.8,7.5,5.6,14.1,1.7,1.6,11.0,19.8,0.1,0.1,0.2,0.162,1.9,-0.1,1.8,0.1,TOT,2026
broomjo01,Johni Broome,23,11,55,0.4,0.188,0.208,0.25,13.7,18.1,15.9,9.2,2.6,3.4,10.1,22.8,-0.3,0.1,-0.2,-0.212,-11.9,-4.4,-16.2,-0.2,PHILADELPHIA 76ERS,2026
martico01,Cody Martin,30,4,55,3.0,0.277,0.5,0.6,1.9,26.3,13.8,4.5,3.5,3.1,24.0,12.8,-0.2,0.1,-0.1,-0.103,-10.1,2.1,-8.0,-0.1,INDIANA PACERS,2026
loverla01,Lawson Lovering,22,2,49,13.7,0.574,0.0,0.5,13.0,20.2,16.6,8.3,2.9,1.9,14.1,12.1,0.1,0.1,0.1,0.106,-3.7,0.1,-3.6,0.0,MEMPHIS GRIZZLIES,2026
manonch01,Chris Mañon,24,9,46,11.7,0.451,0.5,0.667,5.3,19.7,12.7,7.8,5.3,4.0,11.4,8.3,0.0,0.1,0.1,0.115,-4.6,4.7,0.1,0.0,LOS ANGELES LAKERS,2026
gueyemo01,Mouhamadou Gueye,27,2,45,12.8,0.627,0.455,0.364,4.8,9.3,7.1,17.9,2.1,1.9,19.0,14.6,0.0,0.0,0.1,0.086,-2.2,-1.7,-3.9,0.0,CHICAGO BULLS,2026
bambamo01,Mo Bamba,27,4,44,12.9,0.455,0.0,0.0,24.1,30.3,27.1,3.0,0.0,6.6,15.4,12.2,0.0,0.0,0.1,0.056,-4.3,-3.6,-8.0,-0.1,TOT,2026
pullizy01,Zyon Pullin,24,5,43,18.8,0.779,0.231,0.308,2.6,5.0,3.8,31.0,1.1,0.0,16.9,17.4,0.2,0.0,0.2,0.222,0.2,-1.3,-1.1,0.0,MINNESOTA TIMBERWOLVES,2026
steveis01,Isaiah Stevens,25,3,43,16.5,0.571,0.143,0.571,5.1,2.7,3.9,29.3,5.6,0.0,18.6,10.6,0.1,0.0,0.1,0.133,-1.2,3.4,2.2,0.0,SACRAMENTO KINGS,2026
tonjejo01,John Tonje,24,6,42,9.1,0.476,0.714,0.286,0.0,15.4,7.9,6.1,2.4,0.0,0.0,16.3,0.0,0.1,0.1,0.101,-6.3,1.2,-5.1,0.0,BOSTON CELTICS,2026
dickihu01,Hunter Dickinson,25,5,42,3.8,0.403,0.286,0.143,5.1,7.8,6.4,6.3,1.1,4.5,16.8,17.7,-0.1,0.0,-0.1,-0.094,-8.4,-2.9,-11.4,-0.1,NEW ORLEANS PELICANS,2026
saricda01,Dario Šarić,31,5,41,0.6,0.363,0.5,0.333,2.7,14.0,8.2,5.8,0.0,0.0,22.5,9.2,-0.1,0.0,-0.1,-0.081,-6.7,-2.3,-9.0,-0.1,SACRAMENTO KINGS,2026
huntlcj01,CJ Huntley,24,4,40,10.9,0.545,0.273,0.0,5.4,8.6,6.9,7.1,1.2,0.0,0.0,11.7,0.1,0.0,0.1,0.099,-3.9,-0.5,-4.4,0.0,PHOENIX SUNS,2026
jonesdi01,Dillon Jones,24,7,39,10.3,0.418,0.556,0.444,5.7,14.4,10.0,12.3,3.8,0.0,0.0,11.8,0.0,0.1,0.1,0.134,-5.4,2.8,-2.6,0.0,NEW YORK KNICKS,2026
sarrol01,Olivier Sarr,26,4,39,17.5,0.761,0.429,0.714,5.7,25.3,15.5,16.6,2.5,7.3,17.9,12.1,0.1,0.1,0.2,0.203,-1.7,4.3,2.6,0.0,CLEVELAND CAVALIERS,2026
labissk01,Skal Labissière,29,3,38,16.3,0.65,0.5,0.0,8.3,17.3,12.7,11.1,2.5,2.3,9.1,12.1,0.1,0.0,0.1,0.12,-0.1,0.4,0.3,0.0,WASHINGTON WIZARDS,2026
freemen01,Enrique Freeman,25,4,37,15.6,0.666,0.5,0.5,6.1,23.3,14.8,7.0,2.6,7.0,17.0,13.4,0.0,0.1,0.1,0.162,-1.5,1.5,0.0,0.0,MINNESOTA TIMBERWOLVES,2026
shulgma01,Max Shulga,23,11,36,0.2,0.394,0.5,0.25,9.4,9.0,9.2,6.8,1.4,0.0,25.3,14.3,-0.1,0.0,0.0,-0.038,-10.9,-0.5,-11.5,-0.1,BOSTON CELTICS,2026
fultzma01,Markelle Fultz,27,5,36,-2.0,0.182,0.0,0.0,0.0,3.2,1.6,26.8,2.7,0.0,26.7,17.9,-0.2,0.0,-0.2,-0.209,-12.3,-4.0,-16.3,-0.1,TORONTO RAPTORS,2026
zikarro01,Rocco Zikarsky,19,5,36,21.0,0.717,0.0,0.5,6.2,35.9,21.4,7.5,0.0,12.0,9.3,12.6,0.1,0.1,0.2,0.237,0.7,1.7,2.4,0.0,MINNESOTA TIMBERWOLVES,2026
jonesis01,Isaac Jones,25,7,36,6.4,0.514,0.286,0.571,6.0,9.2,7.8,3.5,0.0,2.8,10.2,11.3,0.0,0.0,0.0,0.038,-5.9,-2.2,-8.1,-0.1,TOT,2026
nelsogr02,Grant Nelson,23,4,35,17.6,0.634,0.0,1.111,3.1,17.6,10.0,22.5,1.4,13.3,23.0,21.7,0.0,0.1,0.1,0.098,-2.6,4.8,2.2,0.0,BROOKLYN NETS,2026
milleem01,Emanuel Miller,25,5,33,15.0,0.54,0.462,0.154,3.3,6.4,4.8,17.4,2.8,0.0,0.0,17.5,0.1,0.0,0.1,0.111,1.6,0.9,2.5,0.0,CHICAGO BULLS,2026
telfoja01,Jahmyl Telfort,24,8,32,-5.3,0.087,1.0,1.0,0.0,10.6,5.5,3.7,1.6,0.0,14.8,9.4,-0.1,0.0,-0.1,-0.163,-12.1,-1.7,-13.8,-0.1,LOS ANGELES CLIPPERS,2026
pedulse01,Sean Pedulla,23,7,31,6.6,0.433,0.667,0.0,0.0,11.0,5.6,23.8,0.0,0.0,6.3,22.9,0.0,0.0,0.0,-0.03,-6.9,-4.9,-11.8,-0.1,LOS ANGELES CLIPPERS,2026
ingraha01,Harrison Ingram,23,7,26,15.8,0.917,0.167,0.0,12.8,0.0,6.2,5.4,0.0,0.0,14.3,11.3,0.1,0.0,0.1,0.178,3.6,-1.4,2.3,0.0,SAN ANTONIO SPURS,2026
sallihu01,Hunter Sallis,22,7,26,2.0,0.595,0.0,0.4,0.0,4.2,2.1,20.6,0.0,3.6,46.0,17.7,-0.1,0.0,-0.1,-0.149,-7.7,-2.9,-10.6,-0.1,PHILADELPHIA 76ERS,2026
searsma01,Mark Sears,23,7,26,15.2,0.666,0.615,0.615,4.4,4.3,4.3,12.5,0.0,0.0,19.5,34.9,0.0,0.0,0.0,0.013,2.4,-4.6,-2.2,0.0,MILWAUKEE BUCKS,2026
robinor01,Orlando Robinson,25,4,25,14.6,0.7,0.4,0.0,8.8,9.0,8.9,16.5,1.9,0.0,0.0,8.4,0.1,0.0,0.1,0.196,0.8,0.6,1.4,0.0,ORLANDO MAGIC,2026
grayha01,Hayden Gray,22,1,25,9.4,0.773,0.333,0.667,0.0,0.0,0.0,5.0,1.9,3.9,20.5,8.0,0.0,0.0,0.0,0.044,-3.7,-1.6,-5.3,0.0,UTAH JAZZ,2026
goldivl01,Vladislav Goldin,24,9,24,14.7,0.788,0.0,0.25,12.9,26.1,19.4,15.9,0.0,11.1,40.3,12.6,0.0,0.0,0.1,0.121,-5.0,4.5,-0.5,0.0,MIAMI HEAT,2026
omierno01,Norchad Omier,24,6,24,31.5,0.751,0.1,0.3,19.9,14.2,17.0,15.2,2.1,0.0,0.0,20.9,0.2,0.0,0.2,0.38,6.2,-0.1,6.0,0.0,LOS ANGELES CLIPPERS,2026
moralal01,Alex Morales,28,4,24,0.9,0.508,0.143,0.286,4.6,9.4,7.0,23.1,0.0,0.0,33.7,20.9,-0.1,0.0,-0.1,-0.104,-12.2,-3.8,-16.0,-0.1,ORLANDO MAGIC,2026
kentja01,Jayson Kent,23,5,22,17.3,0.672,0.571,0.143,0.0,25.0,12.3,0.0,2.2,4.0,0.0,13.8,0.0,0.0,0.1,0.181,0.6,3.6,4.2,0.0,PORTLAND TRAIL BLAZERS,2026
antetal01,Alex Antetokounmpo,24,6,21,28.6,0.651,0.875,1.875,10.9,21.4,16.2,6.8,0.0,4.8,6.4,32.8,0.1,0.0,0.1,0.282,7.3,-1.9,5.4,0.0,MILWAUKEE BUCKS,2026
castlco01,Colin Castleton,25,4,21,7.9,0.46,0.0,0.2,10.5,32.2,21.3,6.3,2.3,0.0,26.9,15.0,0.0,0.0,0.0,-0.003,-6.1,-1.5,-7.7,0.0,ORLANDO MAGIC,2026
clarkbr01,Brandon Clarke,29,2,20,12.3,0.372,0.0,0.444,21.3,11.0,16.2,7.1,4.7,0.0,0.0,22.4,0.0,0.0,0.0,0.038,-4.7,-0.2,-4.9,0.0,MEMPHIS GRIZZLIES,2026
toppija01,Jacob Toppin,25,5,17,15.2,0.667,0.0,0.0,0.0,6.5,3.2,8.8,0.0,5.3,0.0,14.7,0.0,0.0,0.0,0.13,-0.1,0.6,0.5,0.0,ATLANTA HAWKS,2026
livinch01,Chris Livingston,22,3,17,15.4,0.605,0.429,0.143,0.0,19.3,9.7,8.9,2.8,0.0,0.0,18.4,0.0,0.0,0.1,0.164,-4.7,2.1,-2.7,0.0,CLEVELAND CAVALIERS,2026
keelstr01,Trevor Keels,22,8,15,2.8,0.333,0.75,0.0,0.0,13.9,6.9,0.0,3.1,0.0,0.0,32.6,-0.1,0.0,-0.1,-0.197,-9.4,-5.2,-14.5,0.0,MIAMI HEAT,2026
boehebu01,Buddy Boeheim,26,4,15,4.6,0.5,1.0,0.0,0.0,0.0,0.0,0.0,0.0,0.0,0.0,17.3,0.0,0.0,0.0,0.012,-3.8,-4.5,-8.4,0.0,OKLAHOMA CITY THUNDER,2026
nfalyda01,N'Faly Dante,24,4,15,12.4,0.338,0.0,0.25,21.4,29.4,25.3,0.0,6.3,0.0,18.4,15.1,0.0,0.0,0.0,0.051,-3.7,-0.8,-4.5,0.0,ATLANTA HAWKS,2026
hepbuch01,Chucky Hepburn,22,2,13,-13.5,0.0,0.833,0.0,0.0,8.8,4.4,17.4,3.8,0.0,14.3,23.1,-0.1,0.0,-0.1,-0.441,-20.7,-3.1,-23.8,-0.1,TORONTO RAPTORS,2026
newtotr01,Tristen Newton,24,1,12,32.8,0.581,0.556,0.333,18.7,9.1,13.9,0.0,4.2,0.0,0.0,36.2,0.1,0.0,0.1,0.28,8.5,0.0,8.4,0.0,HOUSTON ROCKETS,2026
evbuoto01,Tosan Evbuomwan,24,5,8,-0.3,0.0,0.0,0.0,13.9,14.0,14.0,0.0,0.0,0.0,0.0,5.4,0.0,0.0,0.0,-0.025,-8.5,-3.0,-11.5,0.0,NEW YORK KNICKS,2026
umudest01,Stanley Umude,26,2,7,11.6,0.5,0.5,0.0,0.0,0.0,0.0,18.8,6.9,0.0,0.0,12.0,0.0,0.0,0.0,0.165,-6.7,7.1,0.4,0.0,SAN ANTONIO SPURS,2026
jonesco02,Colby Jones,23,1,7,12.9,0.333,0.667,0.0,0.0,63.1,32.1,37.8,0.0,0.0,0.0,17.8,0.0,0.0,0.0,0.124,-3.2,5.7,2.4,0.0,DETROIT PISTONS,2026
essenno01,Noa Essengue,19,2,6,-11.9,0.0,0.667,0.0,0.0,0.0,0.0,0.0,7.8,0.0,0.0,20.8,-0.1,0.0,-0.1,-0.417,-20.7,-3.0,-23.7,0.0,CHICAGO BULLS,2026
flowetr01,Trentyn Flowers,20,2,6,16.7,0.667,0.333,0.0,17.9,0.0,8.8,30.5,0.0,0.0,25.0,27.8,0.0,0.0,0.0,0.023,1.7,-2.7,-1.0,0.0,CHICAGO BULLS,2026
brownda04,Darius Brown II,26,1,3,-7.7,0.0,0.0,0.0,0.0,36.5,18.3,0.0,0.0,0.0,0.0,14.0,0.0,0.0,0.0,-0.269,-16.3,-2.4,-18.7,0.0,CLEVELAND CAVALIERS,2026
